Time (s), Cell Name, Value
18.98518, C000, 10.01904
107.266267, C000, 10.39355
331.291391, C000, 54.23689
352.075167, C000, 15.09755
427.16655, C000, 47.16034
434.16109, C000, 11.65432
489.11819, C000, 41.06202
4.846217, C001, 11.24202
5.145983, C001, 85.04897
142.438811, C001, 5.815844
200.643376, C001, 68.03281
253.851841, C001, 81.53091
293.920563, C001, 11.83026
294.320251, C001, 16.81377
300.365532, C001, 32.36488
300.965064, C001, 52.95234
469.033868, C001, 45.5312
520.893385, C001, 20.63485
527.738042, C001, 27.4636
578.198653, C001, 12.37397
644.646783, C001, 45.47451
645.596042, C001, 32.67609
663.4321189999999, C001, 6.344645
675.422759, C001, 28.66928
677.4711600000001, C001, 46.56631
78.688575, C002, 45.8509
221.177347, C002, 10.9673
493.015148, C002, 80.06162
542.176772, C002, 53.34043
571.753684, C002, 7.925195
671.625723, C002, 15.49671
0.49961, C003, 14.00213
2.797816, C003, 10.83966
60.902459, C003, 12.00565
260.846381, C003, 23.24025
578.348536, C003, 11.45844
617.617882, C003, 11.59881
4.646373, C004, 10.68406
49.311507, C004, 8.883101
221.077425, C004, 9.448012
260.29681, C004, 14.83753
284.627817, C004, 10.41501
300.715259, C004, 9.150915
302.363972, C004, 10.58193
520.843425, C004, 11.63565
617.867687, C004, 9.80309
260.846381, C006, 30.59423
261.296029, C006, 11.39069
521.043269, C006, 28.58174
584.243934, C006, 26.85718
617.617882, C006, 34.96908
40.318527, C007, 9.00139
42.516811, C007, 10.36044
78.688575, C007, 9.129233
115.010222, C007, 11.40016
219.778439, C007, 11.08069
421.071308, C007, 10.05023
478.676341, C007, 9.486727
15.088222, C008, 31.187
16.437169, C008, 33.81504
40.318527, C008, 62.76078
114.710456, C008, 89.51205
186.504413, C008, 94.73316
187.403711, C008, 16.30408
217.979843, C008, 18.78099
219.278829, C008, 69.36669
219.8284, C008, 17.81194
270.588776, C008, 17.17039
272.637177, C008, 24.21361
420.871464, C008, 87.55007
478.676341, C008, 40.61022
619.966049, C008, 58.00122
623.613202, C008, 49.42366
624.962149, C008, 32.11321
670.776386, C008, 35.63958
250.404532, C009, 11.55251
396.940145, C009, 11.78537
621.764645, C009, 11.33944
170.966542, C010, 10.38668
206.83854, C010, 10.22184
53.258426, C011, 7.656574
397.439755, C011, 8.312077
467.884765, C011, 9.426543
35.772076, C014, 26.55424
36.571452, C014, 72.74307
43.765836, C014, 77.67274
74.89153899999999, C014, 37.47869
108.715136, C014, 20.70653
198.694897, C014, 24.21886
199.34439, C014, 22.84846
199.893961, C014, 21.4499
250.354571, C014, 25.36491
256.549735, C014, 21.70032
256.899462, C014, 36.56936
257.498993, C014, 30.99567
324.696539, C014, 89.45155
349.277351, C014, 30.43408
370.960425, C014, 43.18143
371.859723, C014, 29.98191
393.542797, C014, 25.80841
395.491276, C014, 48.22143
396.390574, C014, 20.06604
404.334373, C014, 35.50526
407.082228, C014, 44.76077
407.731721, C014, 32.41611
445.402315, C014, 32.50971
466.735662, C014, 26.9954
467.335194, C014, 21.55736
467.884765, C014, 38.12143
617.6678429999999, C014, 30.92312
618.4172579999999, C014, 22.28992
113.011782, C015, 9.312721
340.584137, C015, 9.338912
53.208465, C016, 45.69667
58.404409, C016, 75.74998
190.950942, C016, 60.20446
193.748758, C016, 117.0893
256.8495, C016, 32.66589
266.042325, C016, 38.62993
407.232111, C016, 23.57104
415.975286, C016, 23.69454
471.13223, C016, 85.06465
567.007389, C016, 45.5977
570.154932, C016, 24.23396
15.537871, C017, 17.47167
19.035141, C017, 38.15466
24.131163, C017, 16.49636
44.46529, C017, 18.58081
46.064042, C017, 21.53233
155.278788, C017, 16.56282
219.528634, C017, 20.10106
238.31397, C017, 16.59435
346.629418, C017, 17.1737
14.089002, C018, 13.28946
40.96802, C018, 15.7154
601.5804010000001, C018, 12.58476
608.724824, C019, 21.55903
40.46841, C021, 4.966137
299.416273, C021, 4.926543
7.194384, C024, 33.7243
7.743955, C024, 31.25808
9.042941000000001, C024, 14.0329
85.283427, C024, 54.61328
156.427891, C024, 63.24901
196.196847, C024, 55.91008
216.83074, C024, 28.43456
217.380311, C024, 26.60679
232.268689, C024, 43.30447
270.438893, C024, 28.78892
270.988464, C024, 25.92279
324.946344, C024, 73.51396
344.281251, C024, 50.35033
396.69034, C024, 17.76635
434.760622, C024, 50.54376
499.809844, C024, 40.94768
550.370376, C024, 55.67812
631.407118, C024, 27.74807
632.156533, C024, 13.84339
442.454616, C028, 17.57925
438.457736, C029, 7.986291
601.080791, C029, 8.107392
52.509011, C030, 12.76257
322.548216, C030, 11.89185
22.032801, C031, 60.44215
57.055462, C031, 68.36326
154.229607, C031, 71.36462
377.055667, C031, 51.01539
555.416437, C031, 44.61399
602.929348, C031, 42.81687
127.100784, C032, 37.77537
141.089864, C032, 56.43285
277.233589, C032, 33.16956
307.509955, C032, 46.44685
355.822242, C032, 31.29917
463.837924, C032, 35.98938
496.262613, C032, 31.64568
6.345047, C034, 32.69022
44.765056, C034, 18.87145
46.813457, C034, 33.09501
75.141344, C034, 29.98739
75.541032, C034, 27.52666
77.539472, C034, 24.12059
94.875939, C034, 43.72422
214.782339, C034, 33.27473
271.937723, C034, 44.5512
290.373332, C034, 28.61087
299.26639, C034, 32.59819
339.085307, C034, 23.47355
408.830863, C034, 25.08558
418.972946, C034, 23.41391
438.207931, C034, 32.98386
454.195451, C034, 31.39469
454.794983, C034, 22.6325
457.942526, C034, 21.27423
465.436676, C034, 28.73583
515.147871, C034, 34.08731
558.7138629999999, C034, 20.17567
559.163512, C034, 23.40493
610.073771, C034, 31.06231
625.761525, C034, 45.7446
644.896588, C034, 42.53734
672.2252549999999, C034, 27.30075
675.47272, C034, 23.27403
21.383308, C035, 46.09208
46.863418, C035, 25.41288
78.288887, C035, 18.64994
80.037522, C035, 41.59668
102.669855, C035, 68.91998
128.849419, C035, 57.58255
203.541114, C035, 38.33884
225.224188, C035, 20.37605
235.266349, C035, 76.29087
312.406133, C035, 16.44289
327.144628, C035, 86.94351
484.12209, C035, 17.17274
502.507738, C035, 16.31135
538.329775, C035, 30.76439
551.619401, C035, 38.88369
588.640502, C035, 79.17007
633.9551290000001, C035, 17.98301
183.85648, C036, 293.2086
222.676177, C036, 307.3409
293.620797, C036, 12.32554
332.440494, C036, 316.8115
416.474896, C036, 248.4087
576.4000569999999, C036, 85.40883
0.299766, C037, 35.7966
8.193604000000001, C037, 150.5539
72.993021, C037, 127.1719
113.111704, C037, 24.95443
118.057843, C037, 152.2862
119.107024, C037, 33.16702
136.143725, C037, 41.97964
139.291268, C037, 29.74288
164.321729, C037, 117.7389
171.116425, C037, 89.35629
174.313929, C037, 75.77104
178.160926, C037, 100.8106
189.901761, C037, 140.9926
215.381871, C037, 88.54387
243.160187, C037, 86.21445
246.30773, C037, 131.6974
255.750359, C037, 136.3342
276.134447, C037, 25.11121
288.125087, C037, 116.6197
297.76756, C037, 45.63465
373.308592, C037, 30.17637
403.435075, C037, 92.49607
409.380434, C037, 95.58081
425.567798, C037, 125.1232
429.115029, C037, 104.9513
479.875405, C037, 59.89159
517.895725, C037, 89.1365
523.691202, C037, 28.2221
537.280594, C037, 93.85209
566.407857, C037, 132.9304
629.358717, C037, 114.6224
667.1791940000001, C037, 46.53466
668.5781019999999, C037, 56.22639
6.345047, C038, 14.69533
6.99454, C038, 60.29699
69.295907, C038, 49.5069
100.471571, C038, 12.57372
100.92122, C038, 14.47074
116.808818, C038, 46.07308
207.138306, C038, 61.99001
253.202348, C038, 14.36199
511.400796, C038, 75.53585
606.376657, C038, 13.64329
6.295086, C039, 59.61975
26.179564, C039, 61.71156
63.700275, C039, 76.1616
65.548832, C039, 17.47868
109.714356, C039, 49.79529
126.151525, C039, 22.63542
140.89002, C039, 14.09188
158.925941, C039, 69.21871
189.452112, C039, 53.27656
193.498953, C039, 40.15868
204.190607, C039, 41.25542
234.616856, C039, 51.92012
236.965023, C039, 48.68311
250.604376, C039, 14.25874
275.085266, C039, 13.14824
286.126647, C039, 58.57002
288.175048, C039, 46.51607
308.808941, C039, 44.76434
330.641898, C039, 41.55615
381.452235, C039, 53.90734
437.65836, C039, 67.22801
461.63964, C039, 50.88343
508.303214, C039, 47.56554
529.386756, C039, 53.0014
530.685742, C039, 28.185
539.878566, C039, 56.27159
542.276694, C039, 73.1785
558.0643700000001, C039, 38.97822
577.848926, C039, 55.25635
587.891087, C039, 65.92333
614.370417, C039, 33.76473
649.443039, C039, 50.04741
650.2424150000001, C039, 26.55491
7.294306, C040, 37.74513
19.035141, C040, 17.17883
38.370048, C040, 20.60345
42.316967, C040, 19.12322
88.780697, C040, 43.22652
130.648014, C040, 35.16241
145.986042, C040, 24.20662
149.033663, C040, 39.9851
149.633195, C040, 24.72743
152.281128, C040, 49.23494
154.329529, C040, 39.2331
157.37715, C040, 36.51706
351.125908, C040, 25.7282
369.611478, C040, 29.07467
414.526417, C040, 22.26903
455.444476, C040, 14.70669
472.431216, C040, 43.16362
474.729422, C040, 36.50516
527.288394, C040, 23.00071
529.836405, C040, 28.64096
568.656102, C040, 19.03991
97.92355999999999, C041, 33.65118
107.41615, C041, 26.98651
119.9064, C041, 22.16168
179.110185, C041, 30.10267
206.938462, C041, 38.62994
216.680857, C041, 23.4673
230.120366, C041, 39.08984
239.712878, C041, 30.63542
274.435773, C041, 23.60575
291.322591, C041, 24.72586
299.915883, C041, 31.33064
391.894084, C041, 21.63683
397.139989, C041, 20.9563
400.387454, C041, 24.66287
411.67864, C041, 35.34753
427.965926, C041, 26.4697
513.199392, C041, 22.14762
582.145572, C041, 32.50203
608.425058, C041, 28.69308
664.731105, C041, 25.80576
120.056283, C042, 18.88928
216.431052, C042, 13.47984
274.485734, C042, 13.60417
300.115727, C042, 13.71986
327.144628, C042, 15.27237
331.24143, C042, 15.78286
397.139989, C042, 14.96131
397.789482, C042, 14.35628
400.387454, C042, 13.56875
552.218933, C042, 17.27201
91.378669, C044, 28.98855
109.314668, C044, 27.06034
133.795558, C044, 64.23512
199.194507, C044, 17.51081
214.732378, C044, 60.8812
261.695718, C044, 77.78986
330.092327, C044, 18.36821
335.288271, C044, 32.32053
346.829262, C044, 14.35548
380.502976, C044, 24.8526
426.217291, C044, 17.50615
430.763742, C044, 18.17295
457.14315, C044, 20.76701
472.031528, C044, 16.09781
490.61702, C044, 37.92049
501.10883, C044, 81.88414
533.133831, C044, 13.02529
540.028449, C044, 20.11684
545.873886, C044, 129.5286
556.165852, C044, 16.99348
584.04409, C044, 67.21349
648.943429, C044, 14.71554
672.624943, C044, 14.61578
260.846381, C045, 74.51389
521.093229, C045, 28.08066
584.243934, C045, 35.50089
617.567921, C045, 68.5238
214.782339, C047, 9.163088
380.502976, C047, 8.045027
547.57256, C047, 8.362818
584.5436999999999, C047, 8.20972
60.45281, C048, 8.48011
114.960261, C048, 9.325799
168.018843, C048, 7.699704
171.266308, C048, 8.281742
289.074346, C048, 13.777
325.24611, C048, 8.443028
384.649739, C048, 11.08942
391.544357, C048, 9.689648
392.343733, C048, 9.808009
393.942485, C048, 9.038912
395.141549, C048, 7.50657
544.824705, C048, 14.04161
550.969908, C048, 17.21825
596.284535, C048, 9.862082
599.731844, C048, 10.46185
601.330596, C048, 9.086866
126.751057, C049, 4.980461
128.100004, C049, 5.883052
128.549653, C049, 5.312527
158.776058, C049, 5.00116
186.654296, C049, 5.524645
385.848803, C049, 5.312454
467.834804, C049, 6.239906
590.089371, C049, 4.888872
677.870848, C049, 5.828676
193.399031, C050, 14.10619
221.027464, C051, 11.45044
221.32723, C051, 11.29771
238.31397, C051, 11.00028
339.285151, C051, 14.69368
378.954185, C051, 12.12711
384.649739, C051, 10.8068
403.934685, C051, 10.91976
460.790303, C051, 12.40028
464.037768, C051, 25.05227
476.078369, C051, 12.09135
442.504577, C055, 20.12074
501.808284, C055, 13.52364
19.035141, C057, 23.86573
206.888501, C057, 22.64178
219.278829, C057, 28.41304
325.845642, C057, 29.47404
113.011782, C058, 8.364939
147.984482, C058, 7.781008
149.633195, C058, 9.809584
383.70048, C058, 7.502453
42.366928, C060, 9.242076
2.198284, C061, 4.886934
9.192824, C061, 4.745144
13.48947, C061, 4.289249
29.826717, C061, 7.972757
31.47543, C061, 7.665325
33.274026, C061, 5.531557
34.523051, C061, 6.374138
37.770516, C061, 6.573558
41.917279, C061, 5.937053
42.217045, C061, 5.21124
42.516811, C061, 9.349705
47.063262, C061, 4.742641
47.412989, C061, 4.280084
50.760376, C061, 4.748558
52.808777, C061, 10.61947
54.207685, C061, 4.944934
99.07266300000001, C061, 7.001046
104.718256, C061, 4.279706
106.816618, C061, 4.75154
110.813498, C061, 4.445023
117.758077, C061, 5.006172
161.124225, C061, 4.34616
162.473172, C061, 6.792104
163.572314, C061, 5.572577
165.470832, C061, 5.159013
167.219467, C061, 4.777102
169.917361, C061, 4.323568
171.116425, C061, 9.949833
195.597315, C061, 4.887956
216.281169, C061, 4.881212
219.778439, C061, 5.746437
226.223408, C061, 4.445149
248.256209, C061, 8.824434
258.048565, C061, 4.962684
264.643417, C061, 4.941605
298.467014, C061, 4.912701
301.414713, C061, 4.937599
360.918264, C061, 4.347424
383.001026, C061, 4.337722
391.894084, C061, 5.351158
393.792602, C061, 5.068354
394.741861, C061, 5.631051
396.290652, C061, 5.434228
397.839443, C061, 6.054502
448.899585, C061, 4.538577
458.492097, C061, 4.596018
467.584999, C061, 4.398515
486.919906, C061, 4.937716
501.10883, C061, 7.441319
501.858245, C061, 5.935221
601.780245, C061, 4.649828
602.129972, C061, 6.490344
602.479699, C061, 5.576079
603.778685, C061, 4.326461
606.776345, C061, 6.953391
671.375918, C061, 5.137486
24.880578, C062, 15.60331
473.63028, C062, 14.10069
27.528511, C065, 5.055714
31.47543, C065, 5.604335
34.47309, C065, 7.613796
41.267786, C065, 6.022044
45.314627, C065, 4.92454
62.45125, C065, 5.069752
65.748676, C065, 4.896016
95.42551, C065, 5.266179
96.574613, C065, 5.03081
109.714356, C065, 5.111435
110.463771, C065, 5.240149
130.448171, C065, 5.139876
143.038343, C065, 4.972912
164.071924, C065, 5.326404
173.114865, C065, 4.951689
203.591075, C065, 6.744912
228.121926, C065, 6.247456
258.398292, C065, 6.665453
263.694158, C065, 5.913177
266.34209, C065, 5.446345
326.694979, C065, 5.608307
340.634098, C065, 5.159533
393.942485, C065, 4.986896
531.035469, C065, 5.35222
606.676423, C065, 5.05742
615.5195200000001, C065, 5.242437
649.542961, C065, 5.271434
189.002463, C067, 13.67137
189.35219, C067, 13.78555
293.570836, C067, 16.20617
344.630978, C067, 28.65908
345.430354, C067, 11.91286
438.058048, C067, 26.26228
557.914487, C067, 17.77985
0.549571, C068, 17.0555
54.157724, C069, 37.9309
55.007061, C069, 14.76785
75.141344, C069, 24.50243
153.829919, C069, 19.62148
172.715177, C069, 15.06301
320.499815, C069, 15.54769
42.416889, C070, 14.42982
502.707582, C070, 12.26407
9.192824, C071, 4.426141
14.138963, C071, 6.012396
19.884478, C071, 4.692467
34.47309, C071, 4.442189
41.067942, C071, 4.052971
51.859518, C071, 4.030625
52.708855, C071, 6.64774
55.306827, C071, 4.316726
56.306047, C071, 4.330387
59.103863, C071, 4.906002
66.348208, C071, 4.677335
67.19754500000001, C071, 4.677182
68.64641399999999, C071, 3.98684
70.395049, C071, 5.259417
78.03908199999999, C071, 3.949134
80.337288, C071, 4.000025
85.683115, C071, 3.940536
86.082803, C071, 4.138813
90.179605, C071, 4.78365
95.675315, C071, 4.241067
103.868919, C071, 4.444624
113.361509, C071, 4.168285
129.698756, C071, 4.146257
145.486432, C071, 4.553145
147.784638, C071, 4.090354
161.174186, C071, 4.401536
170.966542, C071, 7.377428
172.065684, C071, 4.950591
186.454452, C071, 3.975415
186.904101, C071, 5.009018
206.938462, C071, 4.552738
212.084445, C071, 5.053205
232.518494, C071, 4.079331
248.056365, C071, 10.03123
250.354571, C071, 7.352471
251.453713, C071, 4.83147
255.950203, C071, 4.225766
257.748799, C071, 3.9362
287.375672, C071, 4.724584
293.920563, C071, 4.939376
330.24221, C071, 4.201078
332.690299, C071, 4.153507
341.283591, C071, 4.374034
344.880783, C071, 4.369705
363.016626, C071, 4.005909
381.152469, C071, 4.748572
387.447555, C071, 4.441965
392.843343, C071, 5.463241
396.69034, C071, 4.012424
401.736401, C071, 4.43986
411.029147, C071, 4.441881
429.115029, C071, 4.155369
432.462416, C071, 4.854675
447.950326, C071, 4.164099
486.020608, C071, 4.693748
514.698222, C071, 3.935502
517.795804, C071, 5.229562
517.895725, C071, 4.388904
523.541319, C071, 4.429721
546.57334, C071, 4.151912
556.415657, C071, 4.720296
558.963668, C071, 4.30455
565.608481, C071, 4.491435
578.148692, C071, 4.200685
582.145572, C071, 4.067525
597.883287, C071, 4.626028
602.129972, C071, 4.353791
602.579621, C071, 3.997969
610.2736149999999, C071, 3.95999
620.965269, C071, 4.574279
627.959809, C071, 4.399243
638.701424, C071, 4.066812
649.792766, C071, 4.074643
660.334537, C071, 4.270236
28.178004, C075, 9.908848
0.49961, C076, 19.76323
295.319471, C076, 18.52798
29.9766, C077, 59.26226
31.425469, C078, 20.07042
46.114003, C078, 16.24871
332.590377, C078, 19.53354
344.431134, C078, 16.46487
463.987807, C079, 29.75114
513.649041, C079, 20.51668
532.034688, C079, 17.07135
601.080791, C079, 14.83375
38.769736, C080, 22.85697
42.916499, C080, 10.10888
87.98132099999999, C080, 8.301064
90.978981, C080, 7.040627
103.818958, C080, 15.10688
104.768217, C080, 6.966484
115.559793, C080, 10.83544
237.31475, C080, 105.7476
250.754259, C080, 16.10184
251.553635, C080, 7.844187
302.513855, C080, 8.489189
341.183669, C080, 12.58828
341.783201, C080, 10.59224
462.788743, C080, 7.779306
578.948068, C080, 22.36141
662.6827039999999, C080, 102.6727
54.207685, C081, 13.41163
81.636274, C081, 61.1669
123.90328, C081, 71.84498
133.995402, C081, 21.12862
163.972002, C081, 15.27775
195.547354, C081, 58.94876
196.396691, C081, 15.69358
199.244468, C081, 93.86999
329.942444, C081, 55.21921
430.813703, C081, 19.48218
520.493698, C081, 13.48634
554.517139, C081, 12.93456
0.949259, C082, 11.22339
109.964161, C082, 11.08343
191.700357, C082, 60.02869
230.32021, C082, 107.4586
269.28979, C082, 101.7886
305.711359, C082, 12.46949
313.904963, C082, 90.05585
315.453754, C082, 14.73093
343.431914, C082, 12.34876
374.157929, C082, 39.42184
459.391395, C082, 60.22133
502.307894, C082, 15.65954
517.645921, C082, 123.0253
531.984728, C082, 127.0049
568.456258, C082, 14.22919
625.211954, C082, 12.74826
7.843877, C083, 18.96115
8.543331, C083, 23.27418
9.292745999999999, C083, 10.28283
16.836857, C083, 20.52356
21.932879, C083, 15.66011
34.123363, C083, 9.92454
67.647194, C083, 43.57357
213.433392, C083, 39.56233
280.28121, C083, 11.13547
326.095447, C083, 10.65019
472.231372, C083, 18.02326
489.318034, C083, 9.333662
616.868467, C083, 37.04991
21.932879, C084, 58.96688
28.47777, C084, 19.88477
34.173324, C084, 25.23932
36.571452, C084, 37.52178
49.061702, C084, 17.66921
76.140564, C084, 62.34174
84.583973, C084, 42.87952
88.53089199999999, C084, 45.15673
108.465331, C084, 21.75477
109.41459, C084, 22.33715
128.349809, C084, 71.02507
131.197586, C084, 45.76498
131.947001, C084, 18.50208
216.031364, C084, 41.33072
233.018104, C084, 87.03949
271.78784, C084, 94.27888
315.004105, C084, 58.13071
339.385073, C084, 40.90108
339.834722, C084, 33.38705
346.829262, C084, 67.52629
372.958865, C084, 59.33247
374.107968, C084, 53.52168
404.234451, C084, 55.3955
423.069748, C084, 46.68211
429.314873, C084, 88.99413
434.16109, C084, 57.07233
469.233712, C084, 33.62321
471.981567, C084, 81.36214
475.478837, C084, 67.86191
484.271973, C084, 88.19997
500.759103, C084, 83.75095
522.841865, C084, 81.30489
561.411757, C084, 56.82811
658.835707, C084, 83.24459
666.97935, C084, 51.65553
672.525021, C084, 19.30177
673.7240849999999, C084, 52.25102
677.221355, C084, 78.91211
1.448869, C085, 15.96029
4.946139, C085, 12.79759
24.9805, C085, 11.01291
39.868878, C085, 18.17814
66.248285, C085, 28.06519
102.519972, C085, 12.28126
102.91966, C085, 18.43673
104.668295, C085, 17.51826
146.335769, C085, 21.23092
193.299109, C085, 16.15604
202.441972, C085, 20.23031
209.936122, C085, 17.83737
226.673057, C085, 18.59108
227.872121, C085, 15.93567
230.370171, C085, 13.0504
275.584876, C085, 15.74506
282.429533, C085, 17.85032
283.828441, C085, 18.74565
287.525555, C085, 11.19403
322.548216, C085, 15.48635
327.294511, C085, 15.08595
369.911244, C085, 15.44756
377.155589, C085, 11.95422
463.288353, C085, 16.18582
489.517878, C085, 16.07319
492.61546, C085, 19.21096
499.210312, C085, 13.90529
500.958947, C085, 20.84168
515.847324, C085, 18.43865
543.625641, C085, 10.41921
562.710743, C085, 12.37687
576.300135, C085, 12.27662
577.349316, C085, 12.22658
63.600353, C086, 22.55088
56.006281, C087, 31.50098
160.974342, C087, 47.254
204.989983, C087, 56.8199
243.909602, C087, 43.86251
286.826101, C087, 46.54202
331.24143, C087, 36.79473
331.691079, C087, 18.19334
420.421815, C087, 38.13291
443.15407, C087, 16.34252
450.598259, C087, 27.5493
561.261874, C087, 19.33554
622.963709, C087, 55.05119
39.818917, C088, 131.5489
125.352149, C088, 24.23151
136.643335, C088, 23.40211
189.801839, C088, 181.7665
216.481013, C088, 41.11189
268.090726, C088, 153.452
383.350753, C088, 103.3967
410.029927, C088, 22.27342
504.056529, C088, 82.37769
554.367256, C088, 22.98329
589.0401900000001, C088, 98.20013
6.49493, C089, 71.17584
113.811158, C089, 79.75144
180.409171, C089, 57.03656
234.616856, C089, 81.95874
238.713658, C089, 56.23583
266.641857, C089, 62.06719
324.896383, C089, 87.45551
352.125128, C089, 40.49019
371.410074, C089, 75.26024
425.917525, C089, 71.3037
432.16265, C089, 43.70475
451.597479, C089, 49.00952
454.794983, C089, 57.56681
458.442136, C089, 47.15145
484.6217, C089, 43.56318
490.367215, C089, 40.39451
516.6966609999999, C089, 41.41057
540.2782539999999, C089, 57.49989
674.523461, C089, 42.74981
0.549571, C090, 11.92462
2.797816, C090, 11.03361
28.178004, C090, 13.21076
278.832341, C090, 12.79188
282.579416, C090, 10.5395
307.559916, C090, 10.61471
441.805123, C090, 10.66666
543.775524, C090, 10.90677
560.612381, C090, 12.76163
561.411757, C090, 10.18322
564.159612, C090, 15.57175
566.907467, C090, 13.23585
572.702943, C090, 11.22219
598.432858, C090, 13.23197
293.620797, C091, 17.2417
56.555852, C092, 53.83785
237.31475, C092, 45.04767
323.097787, C092, 38.72267
19.884478, C093, 5.268964
113.41147, C093, 6.571115
206.538774, C093, 5.050796
331.890923, C093, 5.223278
454.295373, C094, 12.88999
602.9793089999999, C094, 10.77465
605.727164, C094, 13.29375
31.925079, C095, 13.17006
56.356008, C097, 7.973621
59.103863, C097, 8.233479
218.029804, C097, 8.220353
457.792643, C097, 8.446496
549.720883, C097, 8.779026
30.925859, C099, 277.208
113.011782, C099, 86.57587
154.229607, C099, 43.98056
154.8791, C099, 109.4737
212.534094, C099, 99.85203
255.750359, C099, 101.696
266.192208, C099, 55.51322
313.005665, C099, 94.28413
331.491235, C099, 86.21411
424.918305, C099, 54.8921
454.14549, C099, 132.1363
516.396895, C099, 115.5813
533.283714, C099, 48.11021
602.829426, C099, 60.0535
605.627242, C099, 75.008
613.121392, C099, 158.0678
635.4539590000001, C099, 83.44218
636.253335, C099, 79.80991
656.237735, C099, 173.9126
149.633195, C101, 13.42761
553.318075, C101, 13.37594
398.638819, C102, 7.148415
56.805657, C103, 9.131334
58.104643, C103, 11.88597
58.254526, C103, 10.60618
58.404409, C103, 9.335461
58.554292, C103, 9.873798
58.754136, C103, 11.89344
59.103863, C103, 12.67478
60.402849, C103, 20.32131
68.64641399999999, C103, 13.82399
113.711236, C103, 9.059288
115.060183, C103, 13.18969
225.573915, C103, 7.651979
237.564555, C103, 7.639105
259.047784, C103, 8.687254
289.024385, C103, 9.844423
293.620797, C103, 7.554803
392.293772, C103, 7.028972
426.217291, C103, 6.976717
599.731844, C103, 8.214119
606.7263840000001, C103, 7.413562
607.076111, C103, 10.6583
607.925448, C103, 8.083016
657.636643, C103, 9.386618
59.9532, C104, 7.866299
606.776345, C104, 9.169737
607.076111, C104, 9.26481
22.032801, C105, 6.07608
29.327107, C109, 20.94618
30.176444, C109, 21.68259
35.622193, C109, 25.73861
36.321647, C109, 23.92505
44.265446, C109, 15.78528
51.909479, C109, 15.23005
98.722936, C109, 25.80609
154.529373, C109, 17.85832
234.566895, C109, 14.95986
257.498993, C109, 17.63861
384.749661, C109, 18.0059
433.16187, C109, 28.50176
461.489757, C109, 15.04449
653.739685, C109, 18.86774
27.628433, C110, 39.8854
376.905784, C110, 8.18569
383.100948, C110, 10.76423
595.784925, C110, 11.79367
596.184613, C110, 23.14848
596.734184, C110, 51.71014
29.47699, C111, 21.86421
35.772076, C111, 11.97277
44.315407, C111, 16.7424
44.864978, C111, 14.31011
46.064042, C111, 14.21148
64.899339, C111, 21.84788
108.565253, C111, 10.32238
112.612094, C111, 13.83758
126.751057, C111, 13.40317
140.89002, C111, 20.30685
158.226487, C111, 15.93715
184.755778, C111, 18.5755
202.34205, C111, 10.4922
202.541894, C111, 12.56891
225.274149, C111, 10.712
235.965803, C111, 20.67569
255.100866, C111, 21.11629
257.948643, C111, 11.45766
287.175828, C111, 20.92148
307.659838, C111, 17.30943
332.040806, C111, 19.75431
361.667679, C111, 18.53299
385.349193, C111, 10.53393
387.147789, C111, 11.27159
421.570918, C111, 15.62859
422.17045, C111, 13.06145
430.863664, C111, 10.78978
433.211831, C111, 10.56043
506.454657, C111, 12.85901
519.744283, C111, 12.523
561.511679, C111, 14.26616
584.443778, C111, 12.11959
586.642062, C111, 14.20548
587.04175, C111, 14.449
589.439878, C111, 11.89216
590.838786, C111, 16.44271
606.02693, C111, 11.24536
639.400878, C111, 11.43853
99.872039, C112, 4.66392
135.444271, C112, 6.134558
135.843959, C112, 4.321668
140.840059, C112, 4.93676
149.633195, C112, 4.971381
236.515374, C112, 6.102368
250.354571, C112, 4.403631
257.698838, C112, 5.666628
269.639517, C112, 4.967336
276.334291, C112, 4.377017
288.474814, C112, 4.578239
376.655979, C112, 4.117748
382.951065, C112, 4.216627
561.611601, C112, 4.572177
575.700603, C112, 4.331289
582.745104, C112, 4.110791
620.965269, C112, 4.461737
624.962149, C112, 4.687694
654.938749, C112, 4.42113
25.430149, C113, 115.6933
30.576132, C113, 101.7
182.957182, C113, 95.61106
402.885504, C113, 85.87377
525.09011, C113, 87.36347
555.316515, C113, 66.2047
557.714643, C113, 94.569
25.779876, C114, 53.41035
30.426249, C114, 28.84008
46.313847, C114, 94.89978
99.822078, C114, 113.0458
112.512172, C114, 44.75893
113.111704, C114, 72.98161
119.057063, C114, 47.53555
140.939981, C114, 142.2531
178.160926, C114, 66.04714
179.559834, C114, 123.3631
202.741738, C114, 49.76508
246.357691, C114, 100.0715
248.006404, C114, 103.9482
252.702738, C114, 29.59058
255.500554, C114, 31.22211
287.025945, C114, 46.61148
288.27497, C114, 33.87226
297.667638, C114, 59.80404
302.064206, C114, 64.6201
314.854222, C114, 37.8163
323.947124, C114, 52.70413
331.441274, C114, 66.13498
332.340572, C114, 71.92482
383.800402, C114, 57.72883
416.474896, C114, 65.61795
438.807463, C114, 118.7937
485.271193, C114, 88.47529
515.59752, C114, 36.74833
543.775524, C114, 68.04256
553.417997, C114, 83.8006
586.6920229999999, C114, 92.5425
589.839566, C114, 87.46668
602.929348, C114, 92.19805
629.258795, C114, 121.6009
630.50782, C114, 35.79797
35.572232, C115, 19.69105
60.852498, C115, 26.84745
63.300587, C115, 14.05005
108.715136, C115, 16.1179
173.86428, C115, 14.11737
182.907221, C115, 19.73958
186.054764, C115, 15.48636
187.253828, C115, 16.62291
197.595755, C115, 17.44384
219.078985, C115, 13.63745
251.103986, C115, 13.64195
303.513075, C115, 14.72602
323.947124, C115, 15.14484
421.071308, C115, 21.06744
433.811363, C115, 19.84387
586.642062, C115, 29.44665
610.423498, C115, 15.68184
671.5757620000001, C115, 14.1836
675.822447, C116, 17.89246
365.914364, C117, 10.69021
6.844657, C118, 28.94785
9.392668, C118, 33.12637
10.99142, C118, 22.85455
12.140523, C118, 13.85851
564.359456, C118, 13.83847
567.157272, C118, 12.63688
111.313108, C119, 16.23447
189.552034, C119, 16.24211
468.184531, C119, 17.62372
9.342707000000001, C120, 82.92358
32.274805, C120, 35.88968
315.453754, C120, 36.25225
110.064083, C121, 17.2998
312.356172, C121, 15.28375
332.340572, C121, 17.60153
375.307032, C121, 21.95289
500.559259, C121, 16.68451
159.8752, C122, 6.595218
358.670019, C122, 8.631387
362.367133, C122, 6.438291
639.051151, C122, 6.601477
668.328297, C122, 6.323992
45.564432, C123, 53.86407
47.113223, C123, 154.3646
78.838458, C123, 76.24097
125.751837, C123, 55.36444
199.744078, C123, 21.20377
343.831602, C123, 85.01691
476.378135, C123, 108.4026
492.11585, C123, 73.7026
550.07061, C123, 37.1246
654.6389830000001, C123, 23.55499
675.322837, C123, 84.29121
0.549571, C125, 10.41877
2.797816, C125, 10.31673
2.797816, C126, 11.85062
10.941459, C127, 23.07609
5.945359, C128, 12.17556
14.688534, C128, 8.789489
0, C129, 13.20622
1.848557, C129, 11.497
2.098362, C129, 11.45596
2.248245, C129, 10.39706
6.894618, C129, 11.70261
9.392668, C129, 14.82898
10.941459, C129, 23.99142
15.537871, C129, 15.97101
24.181124, C129, 11.62823
26.029681, C129, 12.88929
5.795476, C130, 9.132552
22.932099, C130, 7.969515
266.541935, C132, 28.80183
226.523174, C133, 9.360907
15.437949, C137, 9.628342
19.834517, C137, 9.245428
58.104643, C137, 9.932463
58.204565, C137, 9.488484
59.103863, C137, 9.818059
42.46685, C143, 6.39901
68.29668700000001, C143, 4.903838
119.256907, C143, 5.020954
147.784638, C143, 5.4837
157.077384, C143, 4.831486
442.604499, C143, 7.460483
645.695964, C143, 5.706973
4.796256, C145, 21.38743
5.245905, C145, 21.92675
136.593374, C145, 15.3325
136.843179, C145, 21.85834
154.579334, C145, 23.5755
155.028983, C145, 13.44346
155.228827, C145, 15.22848
192.050084, C145, 12.34491
192.34985, C145, 48.45339
216.181247, C145, 59.86605
233.068065, C145, 41.05847
234.067285, C145, 15.94796
429.914405, C145, 28.19372
437.208711, C145, 32.23238
478.376575, C145, 24.09529
478.876185, C145, 14.82613
517.845765, C145, 29.96672
520.793464, C145, 27.68869
523.891045, C145, 53.31544
582.894987, C145, 27.97497
583.494519, C145, 15.76601
583.844246, C145, 12.85463
585.04331, C145, 23.09561
651.591362, C145, 62.14209
667.229155, C145, 71.49622
674.223695, C145, 27.36033
677.321277, C145, 44.65119
263.844041, C146, 58.14725
24.630773, C147, 143.1014
78.288887, C147, 110.0491
79.43799, C147, 38.65109
83.684675, C147, 142.8057
86.032842, C147, 35.50914
89.48015100000001, C147, 124.5043
108.365409, C147, 143.9092
135.094544, C147, 107.2904
156.128125, C147, 120.0328
162.323289, C147, 51.1715
183.157026, C147, 102.1237
197.096145, C147, 107.1669
288.674658, C147, 31.84256
290.822981, C147, 31.03712
308.309331, C147, 159.9747
387.147789, C147, 31.11147
399.937805, C147, 77.32712
402.535777, C147, 108.539
404.134529, C147, 49.29237
407.18215, C147, 59.87584
433.311753, C147, 128.7894
468.983907, C147, 100.4682
477.027628, C147, 84.24202
481.274313, C147, 120.1674
500.459337, C147, 65.95148
524.5905, C147, 76.00562
528.987068, C147, 36.19397
545.873886, C147, 106.5605
586.6920229999999, C147, 109.8351
600.0815710000001, C147, 105.5174
601.180713, C147, 23.22028
605.727164, C147, 37.39087
612.5218599999999, C147, 69.20831
614.1206120000001, C147, 20.08156
628.559341, C147, 55.87379
631.906728, C147, 110.6665
633.00587, C147, 33.78244
25.97972, C148, 11.09455
74.591773, C148, 69.97534
94.576173, C148, 73.79562
132.596494, C148, 70.66039
192.799499, C148, 48.41106
220.32801, C148, 19.55957
220.627776, C148, 17.92155
221.726918, C148, 47.52525
255.550515, C148, 17.03215
258.298369, C148, 18.34063
461.289913, C148, 50.81722
463.238392, C148, 36.95571
137.942321, C149, 17.61782
312.356172, C149, 13.51874
405.083788, C149, 11.92705
408.281292, C149, 13.9377
604.5281, C149, 10.13907
606.326696, C149, 12.16426
6.345047, C150, 69.8884
38.370048, C150, 17.09449
77.13978400000001, C150, 67.65622
91.278747, C150, 69.16447
108.465331, C150, 66.80227
115.559793, C150, 65.46696
124.802578, C150, 39.77192
138.641775, C150, 21.05318
155.778398, C150, 15.80904
160.724537, C150, 60.17096
175.762798, C150, 18.51665
204.590295, C150, 61.87178
222.626216, C150, 66.03615
224.924422, C150, 15.89846
225.673837, C150, 11.73567
249.904922, C150, 44.22493
288.824541, C150, 17.18111
293.27107, C150, 30.78226
312.705899, C150, 53.40143
324.596617, C150, 52.19346
352.22505, C150, 56.04364
405.583398, C150, 13.07049
418.972946, C150, 44.12233
433.111909, C150, 71.02725
438.607619, C150, 66.45506
441.105669, C150, 48.83424
452.64666, C150, 53.952
454.095529, C150, 45.87479
457.392955, C150, 52.5169
465.686481, C150, 13.67726
478.876185, C150, 27.23557
482.023728, C150, 66.63259
522.791904, C150, 52.93353
539.878566, C150, 55.85916
545.923847, C150, 12.50976
564.809105, C150, 18.29831
570.05501, C150, 48.30004
580.247054, C150, 17.57879
605.577281, C150, 36.93439
611.822406, C150, 68.00423
663.881768, C150, 52.35834
672.2252549999999, C150, 13.63801
15.48791, C151, 12.21713
25.779876, C151, 19.35879
38.669814, C151, 11.98417
46.313847, C151, 26.08926
100.42161, C151, 10.47606
108.565253, C151, 9.73085
112.91186, C151, 12.67414
371.809762, C151, 14.76098
469.433556, C151, 11.92532
472.13145, C151, 12.52318
482.523338, C151, 9.426746
485.770803, C151, 9.114988
527.188472, C151, 9.345449
586.841906, C151, 8.873451
606.576501, C151, 10.37249
144.337329, C152, 15.43166
222.026684, C152, 13.72341
190.151566, C153, 6.851853
316.153208, C153, 6.686151
6.444969, C155, 25.14502
25.180344, C155, 22.26632
63.650314, C155, 28.43419
106.566813, C155, 18.31634
112.41225, C155, 17.97336
171.066464, C155, 17.84144
248.755819, C155, 20.30112
326.045486, C155, 40.27095
328.493575, C155, 36.2041
361.168069, C155, 23.20411
379.253951, C155, 40.10853
424.068968, C155, 18.92676
425.66772, C155, 20.11427
435.859764, C155, 27.7416
436.858984, C155, 19.38769
491.666201, C155, 30.65549
509.252473, C155, 17.95559
509.552239, C155, 27.57582
535.681841, C155, 19.63407
561.06203, C155, 21.33856
580.247054, C155, 17.71344
669.127673, C155, 19.7494
674.323617, C155, 17.75732
2.797816, C156, 12.40217
200.493493, C156, 19.27706
200.893181, C156, 12.63607
201.142986, C156, 16.30787
247.80656, C156, 11.24614
251.004064, C156, 61.878
273.686358, C156, 11.02328
419.872244, C156, 18.12646
420.221971, C156, 13.16189
425.018227, C156, 23.94986
425.567798, C156, 12.64178
425.817603, C156, 16.00926
428.16577, C156, 16.9292
428.415575, C156, 22.62334
432.16265, C156, 31.22221
676.521901, C157, 14.61842
3.846997, C158, 17.72779
24.9805, C158, 32.58208
48.212365, C158, 34.88877
63.750236, C158, 22.29572
65.998481, C158, 19.60241
171.566074, C158, 18.12776
184.705817, C158, 19.80214
235.915842, C158, 17.8377
255.150827, C158, 24.49257
307.509955, C158, 22.85663
321.24923, C158, 18.54955
332.340572, C158, 22.30989
543.725563, C158, 19.49412
4.546451, C159, 26.7848
63.700275, C159, 23.46195
66.897779, C159, 21.22098
131.497352, C159, 31.92193
157.127345, C159, 24.79008
190.051644, C159, 22.6328
203.790919, C159, 33.6451
223.425592, C159, 42.21047
234.616856, C159, 25.26507
253.80188, C159, 34.92726
256.449813, C159, 34.5023
306.111047, C159, 25.38365
330.591937, C159, 23.27883
29.826717, C160, 30.99596
80.78693699999999, C160, 29.47499
124.253007, C160, 24.60826
134.794778, C160, 29.84625
286.626257, C160, 27.68563
319.400673, C160, 21.30873
331.141508, C160, 27.16932
418.073648, C160, 19.7012
3.147543, C162, 56.82132
26.529291, C162, 20.98387
29.027341, C162, 19.57771
160.424771, C162, 20.06712
407.032267, C162, 32.85546
443.703641, C162, 14.60217
502.008128, C162, 17.70907
539.778644, C162, 25.33335
543.975368, C162, 25.85365
550.420337, C162, 66.36447
640.549981, C162, 20.43217
645.49612, C162, 60.57766
191.550474, C164, 39.2461
268.340531, C164, 20.65503
344.581017, C164, 26.09587
446.301613, C164, 22.39126
451.747362, C164, 31.40318
582.54526, C164, 28.77735
582.894987, C164, 28.22165
54.257646, C165, 11.47335
130.847859, C166, 20.20918
259.29759, C166, 19.11084
278.332731, C166, 22.85381
278.78238, C166, 25.40067
279.232029, C166, 18.68902
405.233671, C166, 31.0056
420.971386, C166, 19.99379
425.617759, C166, 30.37392
450.698181, C166, 18.67576
465.736442, C166, 27.53555
534.732583, C166, 21.66526
536.281374, C166, 29.00725
536.880906, C166, 19.03644
580.1471320000001, C166, 21.16638
584.193973, C166, 20.94538
604.178373, C166, 18.57801
611.8723670000001, C166, 30.64009
645.196354, C166, 38.19743
653.7896459999999, C166, 20.69747
654.189334, C166, 35.56245
654.938749, C166, 18.74222
673.873968, C166, 18.44161
677.271316, C166, 31.32497
56.655774, C167, 17.05763
59.353668, C167, 39.5771
66.048441, C167, 42.38764
67.44735, C167, 21.40505
84.583973, C167, 10.07491
86.182725, C167, 41.1842
87.63159400000001, C167, 10.60908
107.366189, C167, 13.74439
108.515292, C167, 12.11728
109.264707, C167, 9.694321
158.076604, C167, 16.11499
200.393571, C167, 11.96148
202.491933, C167, 18.41151
258.598136, C167, 12.43219
408.031487, C167, 13.31746
410.629459, C167, 19.48412
520.493698, C167, 11.09045
35.622193, C168, 55.72713
44.165524, C168, 48.58526
55.556632, C168, 57.93886
62.651094, C168, 31.67303
68.396609, C168, 54.87682
75.49107100000001, C168, 59.36829
78.488731, C168, 39.4286
84.384129, C168, 26.78237
90.179605, C168, 40.97594
95.92512000000001, C168, 33.71384
107.41615, C168, 36.17725
109.964161, C168, 24.4717
119.40679, C168, 25.13273
120.505932, C168, 39.53435
122.504372, C168, 24.73982
123.253787, C168, 26.82325
125.152305, C168, 32.00351
130.298288, C168, 38.12034
136.643335, C168, 24.51186
143.787758, C168, 25.45768
147.185106, C168, 35.62467
151.581674, C168, 37.32854
153.680036, C168, 32.17586
156.228047, C168, 43.82626
182.757338, C168, 39.88323
187.453672, C168, 48.36496
191.700357, C168, 32.80281
200.493493, C168, 30.5516
201.392791, C168, 27.80288
204.490373, C168, 30.1593
225.673837, C168, 44.1484
234.716778, C168, 35.12923
245.958003, C168, 41.52604
249.805, C168, 32.42833
253.602036, C168, 47.23786
261.845601, C168, 29.51662
267.141466, C168, 49.68789
283.178948, C168, 51.06911
285.627037, C168, 28.56013
305.861242, C168, 27.46681
306.560696, C168, 31.77891
312.705899, C168, 35.98051
319.7504, C168, 32.05688
330.292171, C168, 24.93151
342.182889, C168, 42.91362
362.666899, C168, 27.75854
371.060347, C168, 24.35255
371.759801, C168, 41.69006
375.70672, C168, 35.1488
380.902664, C168, 38.20216
392.69346, C168, 31.06375
396.140769, C168, 40.75941
407.381994, C168, 28.78328
420.321893, C168, 48.04362
422.67006, C168, 48.77707
458.292253, C168, 44.6118
476.727862, C168, 41.13209
478.876185, C168, 25.94228
502.807504, C168, 33.33007
523.691202, C168, 24.49189
527.138511, C168, 35.84338
542.026889, C168, 36.14922
549.870766, C168, 44.94231
551.019869, C168, 31.38946
556.765384, C168, 42.6834
582.245494, C168, 33.79733
583.8942070000001, C168, 45.94333
625.861447, C168, 57.9448
633.655363, C168, 34.50404
648.943429, C168, 27.24609
663.781846, C168, 43.3334
4.446529, C169, 51.23536
93.826758, C169, 42.64642
345.530276, C169, 65.83057
502.757543, C169, 43.98223
607.4757990000001, C169, 63.5692
1.648713, C170, 9.580731
2.548011, C170, 23.3481
9.392668, C170, 6.596876
65.748676, C170, 46.08018
98.12340399999999, C170, 7.797528
158.476292, C170, 9.533966
158.975902, C170, 42.2887
312.955704, C170, 53.5675
316.452974, C170, 12.52357
370.410854, C170, 9.315844
372.70906, C170, 36.17372
376.406174, C170, 47.6547
408.780902, C170, 6.976669
409.130629, C170, 50.94402
473.930046, C170, 45.0935
476.078369, C170, 53.81193
479.076029, C170, 9.547504
497.911326, C170, 6.26484
530.785664, C170, 7.961553
557.764604, C170, 40.01915
574.951188, C170, 41.49974
643.447719, C170, 34.40871
650.392298, C170, 60.76162
652.190894, C170, 6.473587
662.632743, C170, 42.01481
15.587832, C171, 40.48681
27.428589, C171, 25.90986
64.05000200000001, C171, 24.97306
116.109364, C171, 36.76461
161.174186, C171, 51.4628
205.039944, C171, 49.87771
268.040765, C171, 32.60981
291.122747, C171, 28.14478
336.587257, C171, 25.29643
387.747321, C171, 41.09462
413.377314, C171, 10.01968
442.454616, C171, 30.97823
511.250913, C171, 22.72786
521.492918, C171, 21.32247
551.619401, C171, 16.49828
551.869206, C171, 11.9577
552.9183870000001, C171, 31.46704
16.537091, C172, 111.9885
25.380188, C172, 11.71315
89.030502, C172, 9.176641
91.32870800000001, C172, 8.426079
188.303009, C172, 105.5625
204.240568, C172, 52.9157
237.31475, C172, 108.6306
277.333511, C172, 10.70319
277.583316, C172, 10.21826
434.960466, C172, 90.54082
441.65524, C172, 12.10058
466.735662, C172, 112.8789
502.058089, C172, 65.95563
527.288394, C172, 117.2345
533.533518, C172, 71.35696
558.314175, C172, 108.3906
567.307155, C172, 11.17338
577.1494719999999, C172, 120.6796
588.2907750000001, C172, 13.80323
667.129233, C172, 9.567464
673.7240849999999, C172, 114.9739
52.808777, C173, 15.7805
110.064083, C173, 23.65423
380.902664, C173, 16.11145
30.97582, C174, 34.29086
52.708855, C174, 45.90162
61.252186, C174, 40.62667
63.700275, C174, 50.70058
107.116384, C174, 60.42461
107.91576, C174, 33.96104
109.41459, C174, 111.0275
136.093764, C174, 72.73477
156.228047, C174, 97.81494
183.306909, C174, 16.72683
197.695677, C174, 65.64583
234.417012, C174, 30.23126
273.836241, C174, 24.87367
285.926803, C174, 54.43515
315.603637, C174, 50.0028
330.392093, C174, 54.30446
376.006486, C174, 21.29016
376.356213, C174, 22.33325
380.752781, C174, 70.156
456.293813, C174, 44.69148
473.680241, C174, 47.53098
529.08699, C174, 30.1551
542.07685, C174, 54.41639
587.891087, C174, 61.2406
671.425879, C174, 25.0637
0.49961, C175, 32.87681
2.897738, C175, 19.37063
339.085307, C175, 20.84218
358.819902, C175, 8.140703
490.017488, C175, 10.49448
515.347715, C175, 10.36873
21.033581, C176, 20.40091
23.081982, C176, 22.23369
57.005501, C176, 20.83782
142.988382, C176, 18.31602
153.87988, C176, 15.79741
20.98362, C177, 40.2554
23.032021, C177, 41.13027
49.411429, C177, 50.71731
56.755696, C177, 26.5768
70.594893, C177, 30.7939
100.071883, C177, 21.03616
126.651135, C177, 65.0122
142.88846, C177, 33.36143
158.87598, C177, 35.03402
184.35609, C177, 27.42949
200.093805, C177, 19.58881
222.676177, C177, 41.52747
266.192208, C177, 22.6268
278.28277, C177, 33.12548
309.508395, C177, 57.72454
321.548996, C177, 38.129
343.282031, C177, 31.74518
477.677121, C177, 73.6046
503.007348, C177, 19.93982
522.192372, C177, 29.60133
545.873886, C177, 62.61551
645.246315, C177, 31.5646
645.7459250000001, C177, 38.80612
677.770926, C177, 36.1954
0.149883, C178, 9.472042
1.848557, C178, 13.26638
2.098362, C178, 15.03065
2.248245, C178, 15.0597
3.197504, C178, 10.26752
5.046061, C178, 10.61911
6.844657, C178, 11.33908
10.941459, C178, 12.76782
225.623876, C178, 8.249416
382.551377, C178, 10.2292
1.348947, C179, 15.01205
490.317254, C179, 10.56404
54.157724, C180, 79.5003
74.991461, C180, 77.3382
153.38027, C180, 28.5973
153.779958, C180, 34.49516
168.918141, C180, 113.1964
229.271029, C180, 75.59444
319.950244, C180, 118.5261
346.779301, C180, 109.6464
380.403054, C180, 132.6578
431.313313, C180, 107.309
489.018268, C180, 110.0556
539.978488, C180, 96.71297
576.949628, C180, 53.66925
577.699043, C180, 54.90572
21.932879, C181, 34.28602
347.22895, C181, 28.33809
56.605813, C182, 15.62271
91.42863, C182, 12.77775
107.566033, C182, 16.57371
141.239747, C182, 19.42964
141.88924, C182, 11.65355
184.805739, C182, 26.51262
307.609877, C182, 32.1471
308.309331, C182, 12.89125
482.073689, C182, 38.34716
584.593661, C183, 10.83804
21.633113, C184, 60.50563
23.681514, C184, 17.86108
48.012521, C184, 82.75476
70.245166, C184, 73.33147
97.074223, C184, 42.3666
148.633975, C184, 60.87468
184.406051, C184, 36.27971
248.655897, C184, 26.92331
257.29915, C184, 37.4203
274.735539, C184, 51.30471
302.863582, C184, 18.87378
303.662958, C184, 25.04968
317.002545, C184, 18.52426
320.549776, C184, 33.44959
325.146188, C184, 58.81512
335.887803, C184, 19.12393
341.083747, C184, 27.90042
347.178989, C184, 39.75907
361.068147, C184, 58.39929
412.128289, C184, 21.05848
489.667761, C184, 40.16111
503.706802, C184, 29.52027
504.406256, C184, 25.96004
659.934849, C184, 22.32014
676.47194, C184, 35.85701
677.421199, C184, 31.00838
40.168644, C185, 53.33012
44.715095, C185, 5.549749
93.42707, C185, 41.30168
119.156985, C185, 6.209683
135.39431, C185, 6.924879
168.718297, C185, 6.125423
187.803399, C185, 5.943864
189.452112, C185, 7.093844
202.741738, C185, 37.01842
248.855741, C185, 34.15804
267.740999, C185, 5.514147
275.934603, C185, 6.927148
276.28433, C185, 30.54489
287.975204, C185, 33.65208
332.640338, C185, 23.70542
382.551377, C185, 35.06138
383.800402, C185, 24.83196
425.867564, C185, 30.86511
430.713781, C185, 28.55956
504.10649, C185, 38.91947
543.675602, C185, 37.29381
589.839566, C185, 30.63755
631.7068839999999, C185, 33.16714
72.843138, C186, 14.17618
76.989901, C186, 17.02619
77.83923799999999, C186, 11.07383
112.91186, C186, 18.1646
223.125826, C186, 11.08319
250.004844, C186, 12.63346
283.528675, C186, 15.00516
305.111827, C186, 14.07351
433.811363, C186, 13.70865
434.910505, C186, 36.14958
500.209532, C186, 17.25206
500.559259, C186, 13.7914
502.60766, C186, 25.09027
525.190032, C186, 12.675
533.233753, C186, 14.51923
613.3711970000001, C186, 14.11522
617.6678429999999, C186, 15.23378
632.706104, C186, 12.32818
25.679954, C187, 78.29525
54.057802, C187, 130.5945
72.643294, C187, 104.9938
76.640174, C187, 67.61909
77.239706, C187, 32.02319
91.578513, C187, 104.1771
93.776797, C187, 91.5006
112.662055, C187, 129.2522
133.595713, C187, 56.47279
158.576214, C187, 138.7701
182.957182, C187, 15.238
222.82606, C187, 77.96881
250.004844, C187, 90.70858
263.094626, C187, 87.57845
283.378792, C187, 87.46421
299.016585, C187, 67.12706
304.961944, C187, 97.36311
319.400673, C187, 43.5114
359.869083, C187, 79.10291
433.811363, C187, 16.50455
435.010427, C187, 89.27193
500.10961, C187, 53.71329
501.358635, C187, 90.13165
524.940227, C187, 79.52306
533.183792, C187, 51.79616
565.908247, C187, 99.86962
613.421158, C187, 108.6368
616.069091, C187, 28.76308
617.567921, C187, 103.0749
632.656143, C187, 41.71577
648.6436629999999, C187, 22.36784
666.929389, C187, 68.62849
46.863418, C188, 33.28814
102.120284, C188, 71.2999
109.464551, C188, 85.48704
112.562133, C188, 53.38615
130.348249, C188, 30.58354
138.791658, C188, 28.78475
141.089864, C188, 65.41148
143.787758, C188, 52.60577
156.128125, C188, 40.95179
187.453672, C188, 31.98757
189.402151, C188, 45.9139
202.591855, C188, 64.92834
212.434172, C188, 53.84571
222.32645, C188, 25.35877
223.32567, C188, 49.34219
227.32255, C188, 35.54008
236.015764, C188, 62.88006
260.446692, C188, 63.70832
285.77692, C188, 28.77899
287.025945, C188, 53.37123
310.957264, C188, 43.10057
312.306211, C188, 24.43263
316.403013, C188, 51.98837
319.700439, C188, 53.03393
321.299191, C188, 31.89361
326.894823, C188, 46.34407
330.442054, C188, 30.02693
332.340572, C188, 39.46667
339.135268, C188, 43.39134
342.132928, C188, 41.29625
348.877663, C188, 59.7626
362.71686, C188, 24.00824
363.316392, C188, 51.83156
365.964325, C188, 37.18383
372.509216, C188, 36.36346
392.843343, C188, 27.77743
424.718461, C188, 49.05018
440.65602, C188, 49.62203
472.081489, C188, 43.47905
520.843425, C188, 31.02726
529.08699, C188, 45.10899
533.08387, C188, 45.68747
534.133051, C188, 32.10601
535.08231, C188, 30.2476
538.7794239999999, C188, 33.69929
541.926967, C188, 55.07382
602.929348, C188, 36.74237
613.321236, C188, 46.95914
635.50392, C188, 32.34052
637.102672, C188, 64.65423
650.742025, C188, 38.20889
652.540621, C188, 46.88507
657.636643, C188, 52.60224
671.226035, C188, 37.38584
0.549571, C189, 14.81206
1.099142, C189, 30.3602
6.894618, C189, 15.41122
112.861899, C189, 23.83787
140.590254, C189, 18.90985
144.337329, C189, 20.75355
203.890841, C189, 15.31656
204.34049, C189, 14.11876
230.070405, C189, 25.97345
243.959563, C189, 20.09388
274.235929, C189, 21.52807
282.27965, C189, 22.12743
288.125087, C189, 18.60177
290.123527, C189, 15.3399
327.444394, C189, 13.65427
377.005706, C189, 29.59714
409.330473, C189, 23.09142
427.516277, C189, 12.99059
436.459296, C189, 18.94643
441.005747, C189, 19.58943
539.279034, C189, 17.27826
544.624861, C189, 14.80479
544.974588, C189, 17.45927
613.720924, C189, 18.35543
614.570261, C189, 29.3643
664.781066, C189, 14.89612
107.91576, C190, 12.49641
238.363931, C190, 14.21935
6.49493, C192, 37.06174
113.811158, C192, 32.78067
180.309249, C192, 43.53004
234.716778, C192, 26.28167
238.81358, C192, 27.41553
266.691818, C192, 39.78119
324.896383, C192, 56.47838
371.410074, C192, 25.06975
426.017447, C192, 23.29282
426.66694, C192, 22.7294
432.262572, C192, 27.2642
454.794983, C192, 34.04826
458.592019, C192, 27.70052
516.646701, C192, 26.48718
674.523461, C192, 25.18832
158.87598, C194, 10.96727
175.163266, C194, 13.63405
185.405271, C194, 12.39363
192.699577, C194, 12.96396
227.572355, C194, 10.80474
229.720678, C194, 12.35642
261.296029, C194, 14.03567
365.864403, C194, 11.08033
440.256332, C194, 14.33478
482.473377, C194, 12.5454
544.824705, C194, 21.91581
601.930128, C194, 10.83315
602.779465, C194, 22.27728
606.926228, C194, 22.57609
41.017981, C196, 9.820709
66.498091, C196, 15.2855
101.820518, C196, 10.07083
109.41459, C196, 11.09922
113.561353, C196, 19.56226
115.060183, C196, 12.18877
154.229607, C196, 13.53838
237.564555, C196, 10.19974
493.464797, C196, 11.01498
590.688903, C196, 11.34229
39.918839, C197, 47.46101
40.618293, C197, 29.29782
190.051644, C197, 107.4133
268.190648, C197, 33.5541
268.690258, C197, 57.64515
383.350753, C197, 61.44088
504.056529, C197, 42.10704
588.990229, C197, 59.57998
25.180344, C198, 21.77386
48.262326, C198, 22.99364
63.700275, C198, 11.04996
98.273287, C198, 12.7388
112.212406, C198, 13.21037
126.651135, C198, 10.77881
140.240527, C198, 21.14512
146.235847, C198, 12.48555
183.556714, C198, 11.69171
201.192947, C198, 13.20487
202.292089, C198, 15.57609
220.527854, C198, 13.08194
225.224188, C198, 14.52141
236.015764, C198, 17.06638
246.557535, C198, 12.7148
255.100866, C198, 13.00566
275.534915, C198, 13.5051
287.125867, C198, 16.66285
307.360072, C198, 14.97526
321.049386, C198, 12.95994
331.24143, C198, 19.60997
340.983825, C198, 21.30748
361.168069, C198, 27.93746
370.061127, C198, 38.47491
419.322673, C198, 14.37998
423.969046, C198, 12.05486
462.339094, C198, 12.62339
523.59128, C198, 10.58769
543.525719, C198, 12.96544
636.902828, C198, 11.02368
639.300956, C198, 10.95203
90.978981, C199, 15.07168
97.92355999999999, C199, 23.80256
107.41615, C199, 15.00847
179.310029, C199, 27.68596
216.33113, C199, 16.88203
239.712878, C199, 14.49775
291.322591, C199, 22.3885
341.23363, C199, 16.2446
370.061127, C199, 13.27234
397.239911, C199, 14.72505
397.789482, C199, 16.04005
404.334373, C199, 11.85703
502.158011, C199, 11.85838
503.556919, C199, 14.46084
511.400796, C199, 17.94712
513.09947, C199, 17.87088
539.229073, C199, 13.34587
552.218933, C199, 11.99794
20.034361, C200, 67.06554
40.768176, C200, 24.62768
54.257646, C200, 50.96629
75.44110999999999, C200, 26.43834
100.271727, C200, 36.17938
142.538733, C200, 88.77531
153.430231, C200, 36.52036
169.018063, C200, 65.75183
185.255388, C200, 31.14608
222.876021, C200, 96.59826
229.370951, C200, 42.38911
257.79876, C200, 34.4677
319.950244, C200, 46.9827
320.74962, C200, 23.69646
347.129028, C200, 29.20309
380.353093, C200, 45.92244
381.352313, C200, 35.60094
431.16343, C200, 78.96381
488.218892, C200, 114.3982
540.07841, C200, 73.38536
577.04955, C200, 68.3881
490.916786, C201, 12.65533
4.796256, C202, 60.45279
5.545671, C202, 26.85271
112.811938, C202, 65.65939
141.239747, C202, 78.73798
158.925941, C202, 48.68931
202.741738, C202, 48.34234
221.626996, C202, 49.9929
275.78472, C202, 49.07769
332.640338, C202, 47.35789
362.417094, C202, 12.26019
382.551377, C202, 65.54613
421.970606, C202, 50.18116
438.507697, C202, 53.65086
504.356295, C202, 45.29517
530.63578, C202, 55.9938
595.435198, C202, 45.04283
602.879387, C202, 32.07963
616.968389, C202, 29.9273
7.843877, C204, 22.20332
8.293526, C204, 29.60259
22.032801, C204, 19.25097
22.382528, C204, 23.98633
91.32870800000001, C204, 13.5364
303.313231, C204, 11.61389
334.139168, C204, 80.56346
347.278911, C204, 48.50272
376.606018, C204, 13.61787
406.18293, C204, 12.0164
431.063508, C204, 14.74877
431.363274, C204, 23.71004
431.762962, C204, 22.541
432.16265, C204, 21.69284
576.999589, C204, 35.89388
577.649082, C204, 50.3271
604.328256, C204, 32.94263
620.865347, C204, 11.67493
622.8138259999999, C204, 43.58385
25.629993, C205, 38.72026
29.427029, C205, 36.59988
35.722115, C205, 23.87949
36.221725, C205, 19.33197
44.265446, C205, 43.4646
46.064042, C205, 29.00886
52.109323, C205, 35.89373
62.45125, C205, 16.35997
96.47469100000001, C205, 25.44212
98.67297499999999, C205, 26.58566
153.87988, C205, 16.20231
234.666817, C205, 19.1326
257.349111, C205, 21.77857
333.539636, C205, 18.94712
384.749661, C205, 30.02005
421.570918, C205, 22.62822
422.220411, C205, 19.08953
430.763742, C205, 17.52004
453.096309, C205, 18.58382
505.755203, C205, 33.8611
519.644361, C205, 32.46294
584.443778, C205, 23.28115
585.04331, C205, 19.92983
586.642062, C205, 37.92169
19.035141, C206, 37.04625
46.014081, C206, 21.5119
115.759637, C206, 13.56103
219.478673, C206, 26.78023
346.529496, C206, 20.62077
520.993307, C206, 17.59757
671.825567, C206, 17.96861
672.125333, C206, 20.81577
19.884478, C207, 30.71403
340.833942, C207, 31.03043
153.87988, C209, 40.40217
179.110185, C209, 115.1557
392.893304, C209, 107.5285
434.16109, C209, 77.42557
463.588119, C209, 97.01757
513.699001, C209, 69.44178
531.984728, C209, 54.44113
600.481259, C209, 91.03655
658.98559, C209, 92.36793
22.382528, C210, 13.79581
22.932099, C210, 14.21182
57.205345, C210, 12.81864
57.804877, C210, 21.84197
58.404409, C210, 9.993587
58.704175, C210, 9.697254
114.760417, C210, 19.55991
115.260027, C210, 10.85583
153.929841, C210, 13.6508
154.329529, C210, 9.5885
154.679256, C210, 27.11658
219.32879, C210, 19.13645
343.082187, C210, 19.25286
376.70594, C210, 11.24328
377.005706, C210, 40.4284
432.262572, C210, 16.50662
432.612299, C210, 20.71695
488.168931, C210, 41.42031
555.516359, C210, 53.52204
602.729504, C210, 20.27575
603.179153, C210, 19.96904
603.628802, C210, 11.59137
605.377437, C210, 23.0185
605.727164, C210, 20.21645
606.226774, C210, 10.33085
659.735005, C210, 48.37816
660.784186, C210, 10.18132
661.1838739999999, C210, 11.1562
9.49259, C211, 62.68442
11.191264, C211, 49.30976
17.736155, C211, 4.101135
25.629993, C211, 4.024415
25.929759, C211, 4.057402
33.573792, C211, 4.375257
142.039123, C211, 60.76146
147.235067, C211, 4.250254
158.176526, C211, 4.328954
160.37481, C211, 4.000278
174.763578, C211, 4.571355
179.459912, C211, 4.067032
184.905661, C211, 4.388464
201.992323, C211, 7.891645
255.050905, C211, 4.001128
255.30071, C211, 5.133129
287.425633, C211, 5.364884
307.859682, C211, 4.655396
320.74962, C211, 4.203265
322.098567, C211, 55.98034
349.277351, C211, 4.952967
362.866743, C211, 4.587306
369.21179, C211, 4.044075
374.008046, C211, 4.34771
376.70594, C211, 3.999874
509.752083, C211, 4.319282
566.1080909999999, C211, 4.237856
575.05111, C211, 4.286138
590.688903, C211, 4.260658
595.335276, C211, 4.280351
595.435198, C211, 4.799435
610.073771, C211, 4.342532
629.058951, C211, 4.702729
653.539841, C211, 4.285958
658.685824, C211, 5.247622
3.547231, C212, 47.03232
28.47777, C212, 18.40127
39.46919, C212, 23.22909
79.787717, C212, 42.9874
84.33416800000001, C212, 20.93077
128.849419, C212, 52.86565
151.631635, C212, 35.27042
185.705037, C212, 59.41136
199.194507, C212, 67.62131
245.458393, C212, 52.94911
251.103986, C212, 56.00402
263.943963, C212, 47.61662
266.442012, C212, 56.00413
287.475594, C212, 29.5215
288.524775, C212, 34.06028
302.713699, C212, 22.07042
332.590377, C212, 62.95897
342.73246, C212, 44.29581
370.910464, C212, 51.84877
374.557617, C212, 87.69682
382.501416, C212, 24.3919
385.948725, C212, 27.61551
422.17045, C212, 47.79166
429.115029, C212, 34.14714
438.807463, C212, 47.43639
485.371115, C212, 49.97513
490.417176, C212, 46.01124
502.307894, C212, 34.58585
539.828605, C212, 23.23427
544.0253290000001, C212, 36.56232
567.357116, C212, 57.38295
596.084691, C212, 25.52384
605.627242, C212, 42.21242
611.722484, C212, 47.66278
651.6413230000001, C212, 39.58594
667.129233, C212, 44.91663
673.624163, C212, 80.86912
4.9961, C213, 15.72301
665.6803640000001, C213, 16.0337
18.935219, C214, 11.91974
33.02422, C214, 15.50248
46.413769, C214, 11.4233
59.403629, C214, 13.11979
75.141344, C214, 10.9296
76.19052499999999, C214, 18.87986
79.88763899999999, C214, 23.51729
94.726056, C214, 21.4741
101.92044, C214, 11.25571
110.064083, C214, 11.91449
128.599614, C214, 10.18134
263.993924, C214, 12.95704
266.442012, C214, 30.96284
323.097787, C214, 19.25035
324.047046, C214, 22.98735
324.846422, C214, 14.65454
325.945564, C214, 25.11983
374.307812, C214, 16.95353
375.406954, C214, 14.31146
425.317993, C214, 15.37547
431.013547, C214, 27.59847
484.471817, C214, 13.19779
540.178332, C214, 24.92331
555.966008, C214, 12.14369
577.349316, C214, 22.51274
580.097171, C214, 24.89983
651.541401, C214, 23.60891
659.4852, C214, 16.1726
659.934849, C214, 12.70884
662.332977, C214, 13.53002
239.8128, C215, 22.73523
30.775976, C216, 17.57821
33.224065, C216, 12.51573
46.763496, C216, 10.83691
68.146804, C216, 8.867907
96.724496, C216, 8.351538
128.199926, C216, 9.296748
130.248326, C216, 7.914929
159.975122, C216, 10.21236
163.622275, C216, 9.750759
172.115645, C216, 8.433561
172.665216, C216, 10.89312
225.473993, C216, 10.20051
244.858861, C216, 8.107106
295.319471, C216, 8.40913
323.897163, C216, 11.90725
332.390533, C216, 11.35958
335.73792, C216, 8.3498
452.696621, C216, 11.74457
534.532739, C216, 10.91255
662.432899, C216, 12.27686
58.854058, C217, 27.19815
235.616076, C217, 25.52912
237.31475, C217, 30.45053
374.307812, C217, 23.63504
556.415657, C217, 24.45862
259.447473, C218, 37.48367
278.28277, C218, 47.18015
279.132107, C218, 38.38347
405.283632, C218, 42.99855
425.517837, C218, 37.58337
536.331334, C218, 58.5918
611.8723670000001, C218, 37.92131
645.346237, C218, 47.27328
677.171394, C218, 52.88161
18.785336, C219, 23.81659
19.884478, C220, 16.01382
621.764645, C220, 16.06321
658.785746, C220, 11.25743
18.785336, C221, 17.91436
37.071062, C221, 16.95395
48.012521, C221, 12.6466
113.061743, C221, 12.52316
126.451291, C221, 20.36545
141.739357, C221, 16.77674
157.676916, C221, 20.53605
160.87442, C221, 17.98905
184.306129, C221, 31.16735
221.926762, C221, 24.89113
235.116466, C221, 25.80229
239.712878, C221, 16.31991
249.805, C221, 14.86897
250.154727, C221, 16.54522
255.700398, C221, 34.30453
274.28589, C221, 29.44552
286.876062, C221, 29.89078
300.915103, C221, 20.21909
309.358512, C221, 24.19505
312.905743, C221, 32.49417
331.291391, C221, 43.57293
343.831602, C221, 37.25994
362.616938, C221, 12.06687
363.766041, C221, 22.92628
376.256291, C221, 25.53094
423.919085, C221, 16.46101
431.413235, C221, 43.66845
505.705242, C221, 24.39543
509.002668, C221, 29.31512
523.791123, C221, 12.59389
609.674083, C221, 14.14483
626.960589, C221, 31.43019
637.802126, C221, 32.48518
650.292376, C221, 21.67362
653.8895680000001, C221, 29.10881
663.831807, C221, 34.77605
23.48167, C222, 36.42558
100.521532, C222, 44.22919
112.761977, C222, 36.57869
127.000862, C222, 65.05811
142.089084, C222, 49.25473
158.726097, C222, 74.90491
186.504413, C222, 48.68373
202.641816, C222, 43.72308
203.641036, C222, 46.03907
258.098526, C222, 38.89048
277.183628, C222, 82.91761
321.74884, C222, 89.31026
363.166509, C222, 75.05634
373.308592, C222, 36.68226
409.230551, C222, 40.59155
424.618539, C222, 49.92936
493.364875, C222, 36.40639
507.60376, C222, 47.20028
534.033129, C222, 49.71386
549.770844, C222, 53.00279
558.464058, C222, 54.9308
582.345416, C222, 54.60572
650.692064, C222, 42.17382
26.129603, C223, 17.79506
30.726015, C223, 15.06819
35.322427, C223, 37.2666
43.96568, C223, 32.65773
76.490291, C223, 37.54515
107.91576, C223, 13.04051
125.052383, C223, 13.72871
156.128125, C223, 13.15974
197.34595, C223, 41.8823
285.726959, C223, 28.75535
304.812061, C223, 55.11507
318.701219, C223, 61.72096
330.142288, C223, 25.9454
341.283591, C223, 19.45177
343.331992, C223, 14.40214
359.869083, C223, 32.54176
433.361714, C223, 37.65755
437.858204, C223, 15.99157
586.741984, C223, 36.79436
648.7435850000001, C223, 37.00024
663.182314, C223, 58.4056
664.381378, C223, 37.68521
667.029311, C223, 13.45059
671.026191, C223, 22.98122
5.695554, C224, 31.87125
91.378669, C224, 59.97954
93.87671899999999, C224, 59.34335
123.103904, C224, 39.34475
154.529373, C224, 104.1744
198.594975, C224, 37.69862
234.716778, C224, 71.98693
244.009524, C224, 110.24
341.683279, C224, 29.05178
343.681719, C224, 154.0875
347.72856, C224, 132.4614
430.264132, C224, 39.13463
431.613079, C224, 174.7133
454.195451, C224, 47.84234
454.844944, C224, 58.36487
538.479658, C224, 60.34621
542.276694, C224, 33.33197
588.490619, C224, 48.06548
595.635042, C224, 30.1778
640.350137, C224, 32.68673
644.097212, C224, 56.86099
5.745515, C225, 31.55714
91.228786, C225, 65.41365
93.676875, C225, 37.14392
123.003982, C225, 64.46131
154.629295, C225, 39.08657
156.078164, C225, 32.13486
234.466973, C225, 36.84414
243.909602, C225, 35.98582
244.8089, C225, 41.70298
252.80266, C225, 29.05277
348.527936, C225, 53.26832
432.962026, C225, 34.13539
541.8770060000001, C225, 44.81536
433.561558, C226, 21.08168
469.083829, C226, 18.79616
219.428712, C227, 19.02952
66.747896, C230, 23.52557
113.011782, C230, 25.54023
137.442711, C230, 26.7156
219.228868, C230, 28.01394
160.37481, C232, 12.11675
391.844123, C232, 12.65375
458.941746, C232, 12.1349
501.358635, C232, 26.75052
509.6022, C232, 12.7485
602.779465, C232, 14.43406
671.026191, C232, 15.2053
18.935219, C233, 20.07913
512.100249, C233, 20.08079
427.616199, C234, 49.54882
511.450757, C234, 36.64918
614.7701049999999, C234, 30.79382
118.457531, C235, 32.12613
172.115645, C235, 29.46194
366.913584, C235, 45.43775
377.005706, C235, 30.26293
608.8747069999999, C235, 28.41488
627.460199, C235, 31.1181
629.658483, C235, 34.31407
100.071883, C236, 21.34788
362.616938, C236, 21.77747
382.901104, C236, 29.36271
438.857424, C236, 47.9324
595.984769, C236, 25.15774
144.936861, C237, 27.43868
152.530933, C237, 35.67663
235.266349, C237, 32.62247
297.76756, C237, 28.37024
303.213309, C237, 32.20084
331.641118, C237, 28.89211
367.263311, C237, 31.98868
416.724701, C237, 36.01263
481.773923, C237, 25.44849
482.62326, C237, 30.09612
498.011248, C237, 29.25547
516.596739, C237, 32.02322
552.1689720000001, C237, 59.94093
558.0643700000001, C237, 34.83084
597.433638, C237, 41.01537
598.782585, C237, 101.6745
109.364629, C238, 21.12062
139.041463, C238, 14.85677
159.425551, C239, 14.493
22.432489, C240, 13.79023
40.518371, C240, 8.940443
79.987561, C240, 13.87644
175.762798, C240, 11.13624
185.85492, C240, 12.60112
218.079765, C240, 19.74067
257.748799, C240, 11.87126
261.845601, C240, 10.7252
272.28745, C240, 9.055355
315.203949, C240, 20.46007
323.047826, C240, 9.607792
334.638778, C240, 17.64792
370.161049, C240, 16.3268
561.911367, C240, 12.71038
580.946508, C240, 13.11247
604.4781390000001, C240, 9.54831
654.589022, C240, 18.02582
16.886818, C242, 8.706084
60.103083, C242, 13.06928
79.88763899999999, C242, 8.567318
105.467671, C242, 23.24507
198.145326, C242, 18.58328
348.977585, C242, 7.980641
349.127468, C242, 28.51629
475.528798, C242, 8.784536
475.728642, C242, 19.99096
483.772363, C242, 17.78781
509.002668, C242, 8.937442
509.252473, C242, 7.625601
515.947246, C242, 7.065018
516.446857, C242, 9.665113
625.1619930000001, C242, 16.15688
41.717435, C243, 10.82037
60.203005, C244, 8.618946
90.02972200000001, C244, 7.852379
198.045404, C244, 16.47005
263.943963, C244, 13.54009
264.343651, C244, 8.627041
314.904183, C244, 10.44341
404.284412, C244, 15.19069
469.13379, C244, 11.68619
475.328954, C244, 11.9978
475.678681, C244, 13.4345
516.546779, C244, 9.4238
572.902787, C244, 15.97918
673.7240849999999, C244, 15.6363
677.621043, C244, 7.950633
239.413112, C245, 18.3755
5.295866, C246, 6.537415
435.609959, C246, 6.2636
454.395295, C246, 5.952106
539.878566, C246, 7.482896
31.075742, C247, 4.311749
35.322427, C247, 4.270022
89.979761, C247, 4.315691
93.027382, C247, 4.91462
94.9259, C247, 4.222653
131.597274, C247, 4.301869
141.839279, C247, 4.784141
163.122665, C247, 4.240168
192.449772, C247, 4.815772
284.877622, C247, 4.690988
298.217209, C247, 4.149209
320.349932, C247, 4.626239
323.147748, C247, 4.234912
326.095447, C247, 4.115178
326.195369, C247, 4.174104
362.317172, C247, 4.627726
399.338273, C247, 4.717573
452.446816, C247, 4.154819
467.435116, C247, 4.519982
469.333634, C247, 4.233718
486.370335, C247, 4.369024
518.095569, C247, 4.312041
568.756024, C247, 4.601854
574.5515, C247, 4.476902
54.45749, C248, 37.73309
598.882507, C248, 45.78645
30.026561, C249, 23.84487
44.665134, C249, 14.67502
53.408309, C249, 25.82816
82.43565, C249, 25.14105
91.47859099999999, C249, 27.34457
93.626914, C249, 24.76324
94.126524, C249, 12.68991
123.303748, C249, 14.20829
133.445831, C249, 20.96027
135.144505, C249, 29.19383
141.189786, C249, 23.96913
141.689396, C249, 11.44386
182.307689, C249, 21.53034
195.34751, C249, 33.12943
253.052465, C249, 11.27973
287.125867, C249, 24.36285
303.013465, C249, 21.20259
307.809721, C249, 9.952074
317.652038, C249, 37.23434
321.499035, C249, 7.340134
341.683279, C249, 14.64125
382.501416, C249, 41.11177
430.763742, C249, 12.26564
433.211831, C249, 23.40582
452.596699, C249, 10.48684
482.12365, C249, 7.731331
500.259493, C249, 18.4576
515.447637, C249, 18.27303
515.897286, C249, 12.39522
518.795024, C249, 36.31951
30.426249, C250, 18.75864
60.652654, C250, 12.96782
87.28186700000001, C250, 12.79223
87.581633, C250, 11.86131
113.111704, C250, 17.21177
197.745638, C250, 14.53195
236.31553, C250, 13.55208
288.175048, C250, 14.57293
481.074469, C250, 12.01427
678.020731, C250, 12.94921
84.384129, C251, 23.15421
140.939981, C251, 17.07561
274.335851, C251, 19.119
407.931565, C251, 32.69577
422.120489, C251, 28.09374
425.617759, C251, 17.40503
433.711441, C251, 26.2506
474.979227, C251, 29.05799
480.974547, C251, 21.77761
537.180672, C251, 20.33279
558.56398, C251, 16.65662
587.091711, C251, 21.42439
606.7263840000001, C251, 22.99832
658.9356289999999, C251, 22.25963
673.8240070000001, C251, 25.6583
16.836857, C252, 16.30416
24.680734, C252, 30.20022
41.96724, C252, 21.65744
73.64251400000001, C252, 13.75138
98.12340399999999, C252, 37.92801
119.856439, C252, 25.69846
126.950901, C252, 19.32347
140.89002, C252, 36.78971
141.689396, C252, 18.50856
157.576994, C252, 27.206
178.011043, C252, 17.36934
178.410731, C252, 21.05975
184.306129, C252, 23.46005
222.026684, C252, 15.53429
235.366271, C252, 14.2517
274.335851, C252, 47.75866
317.002545, C252, 37.21724
360.818342, C252, 39.28866
396.240691, C252, 28.69028
411.67864, C252, 24.0956
415.875364, C252, 51.09779
462.63886, C252, 40.82445
482.023728, C252, 14.92744
539.478878, C252, 21.81624
552.1689720000001, C252, 48.53749
588.890307, C252, 32.23474
627.360277, C252, 35.29021
282.879182, C254, 25.08348
283.528675, C254, 14.50267
351.975245, C254, 20.20976
393.093148, C254, 15.31448
393.392914, C254, 16.04836
393.792602, C254, 20.50899
394.292212, C254, 20.19727
397.040067, C254, 15.0462
414.526417, C254, 13.97221
497.961287, C254, 17.82995
512.549899, C254, 16.00741
513.948807, C254, 15.86828
549.07139, C254, 13.55801
7.344267, C256, 26.00726
16.637013, C256, 32.46387
19.834517, C256, 49.35146
21.283386, C256, 20.37532
40.418449, C256, 25.39771
40.868098, C256, 22.28649
142.588694, C256, 45.58707
160.025083, C256, 24.6466
340.833942, C256, 28.9362
455.244632, C256, 21.9515
670.8263470000001, C256, 22.15599
46.014081, C257, 27.40616
108.615214, C257, 22.89322
155.478632, C257, 23.91101
7.444189, C258, 39.31602
16.637013, C258, 45.71672
19.135063, C258, 57.42024
51.160064, C258, 54.03887
88.73073599999999, C258, 46.39211
113.961041, C258, 69.57725
142.588694, C258, 56.50731
159.325629, C258, 73.68404
177.061784, C258, 50.11464
220.727698, C258, 67.16801
339.884683, C258, 80.79193
344.131368, C258, 71.48685
345.929964, C258, 34.88174
372.20945, C258, 62.06427
404.784022, C258, 41.19439
451.497557, C258, 61.49924
455.244632, C258, 40.20454
490.367215, C258, 51.82284
503.456997, C258, 63.08589
577.299355, C258, 89.81817
584.5436999999999, C258, 85.92539
602.629582, C258, 51.95853
626.860667, C258, 38.79707
670.226815, C258, 68.82788
171.616035, C260, 37.82225
205.739398, C260, 38.61003
208.83698, C260, 21.11467
240.162527, C260, 26.88767
241.611396, C260, 49.84011
252.602816, C260, 27.7542
312.905743, C260, 33.60196
667.129233, C260, 26.92511
669.727205, C260, 29.17592
66.847818, C261, 11.67409
206.688657, C261, 13.43764
210.235888, C261, 9.471577
219.228868, C261, 42.49283
245.80812, C261, 13.39046
500.659181, C261, 11.28035
671.775606, C261, 14.21783
672.175294, C261, 15.22129
19.834517, C262, 12.65628
159.37559, C262, 13.03676
41.317747, C263, 9.648229
225.623876, C263, 12.22273
253.30227, C263, 12.78573
673.774046, C264, 35.80275
85.483271, C266, 16.52886
156.228047, C266, 32.73804
180.209327, C266, 49.09907
434.460856, C266, 16.04168
437.208711, C266, 21.51763
646.045691, C266, 22.07816
46.213925, C267, 16.36012
137.842399, C267, 22.45226
219.478673, C267, 18.48092
40.418449, C268, 35.11172
49.211585, C268, 31.20047
66.398168, C268, 44.06488
79.737756, C268, 65.93083
113.41147, C268, 31.75252
128.649575, C268, 47.23663
145.536393, C268, 31.39587
159.425551, C268, 30.37669
185.85492, C268, 41.80091
217.979843, C268, 44.64275
257.698838, C268, 32.24719
261.545835, C268, 38.13579
272.037645, C268, 35.00685
279.581756, C268, 28.25559
315.104027, C268, 41.75319
322.798021, C268, 37.58466
334.438934, C268, 50.59868
369.911244, C268, 45.2709
377.954965, C268, 28.15066
420.371854, C268, 35.59439
485.371115, C268, 38.52121
492.065889, C268, 39.78708
561.861406, C268, 41.57457
580.8965470000001, C268, 41.07156
604.078451, C268, 42.68089
654.6389830000001, C268, 27.10237
7.194384, C269, 22.11161
38.020321, C269, 19.40165
107.216306, C269, 40.41948
192.649616, C269, 26.38585
234.117246, C269, 20.1043
256.200008, C269, 28.85466
333.089987, C269, 33.76096
336.587257, C269, 28.13017
340.73402, C269, 35.27444
351.125908, C269, 26.67852
379.104068, C269, 33.72481
385.648959, C269, 22.02925
387.397594, C269, 30.46087
399.588078, C269, 38.29308
474.029968, C269, 21.2619
503.307114, C269, 30.34397
509.802044, C269, 20.93381
603.129192, C269, 24.8952
605.477359, C269, 20.33598
611.8723670000001, C269, 23.70818
651.791206, C269, 17.95708
653.8895680000001, C269, 40.98265
654.738905, C269, 28.44569
136.143725, C270, 37.03736
16.836857, C271, 32.39585
60.153044, C271, 42.97913
105.317788, C271, 61.57668
197.945482, C271, 60.97191
348.827702, C271, 86.24922
475.378915, C271, 61.72618
483.472597, C271, 56.93041
509.002668, C271, 52.59978
515.997208, C271, 94.44601
625.0620709999999, C271, 54.5918
56.805657, C272, 14.97051
59.9532, C272, 14.41845
60.45281, C272, 16.16348
68.64641399999999, C272, 14.65175
137.992282, C272, 13.6101
348.977585, C272, 17.09277
0.049961, C273, 20.23058
46.413769, C273, 29.66236
109.214746, C273, 13.23389
155.928281, C273, 17.52686
266.541935, C273, 30.43585
267.191427, C273, 27.46999
446.201691, C273, 39.47409
469.083829, C273, 34.24259
489.517878, C273, 53.0453
580.297015, C273, 24.11812
582.54526, C273, 69.41244
583.594441, C273, 38.65282
624.712344, C273, 19.73513
625.112032, C273, 20.63145
674.873188, C273, 70.47551
138.39197, C274, 11.73709
435.110349, C275, 26.02222
454.14549, C275, 25.77314
663.831807, C275, 26.10636
264.643417, C276, 12.52203
266.591896, C276, 13.05291
366.563857, C276, 12.35128
367.163389, C276, 19.47051
478.276653, C276, 13.2568
550.170532, C276, 16.05759
625.01211, C276, 13.96603
629.808366, C276, 18.73563
636.403218, C276, 23.16336
160.075044, C277, 29.67297
2.797816, C278, 13.98521
6.944579, C278, 12.93484
14.089002, C278, 18.15585
40.868098, C278, 18.96961
381.752001, C278, 13.80764
439.107229, C278, 16.72238
442.304733, C278, 13.17896
452.546738, C278, 13.79751
5.945359, C279, 16.67276
18.785336, C279, 24.56676
436.15953, C279, 16.98151
437.608399, C279, 15.09885
502.707582, C279, 10.82271
46.064042, C281, 20.12176
137.89236, C281, 23.42652
91.47859099999999, C282, 71.62452
130.348249, C282, 43.29222
302.863582, C282, 142.7266
401.636479, C282, 126.0973
421.970606, C282, 123.8583
454.345334, C282, 81.35448
455.044788, C282, 76.24954
505.905086, C282, 163.9984
567.407077, C282, 42.07718
625.01211, C282, 72.44933
352.72466, C283, 90.07566
558.414097, C283, 87.73612
24.9805, C284, 108.3669
35.072622, C284, 162.1824
41.217825, C284, 147.8543
65.94852, C284, 111.0398
68.796297, C284, 119.178
100.521532, C284, 132.2729
103.41927, C284, 120.1786
112.562133, C284, 135.3393
126.301408, C284, 162.6966
140.790098, C284, 137.0268
154.029763, C284, 157.0694
158.076604, C284, 81.07638
160.87442, C284, 73.46691
184.35609, C284, 153.7394
202.591855, C284, 76.02053
207.138306, C284, 95.49467
225.374071, C284, 122.9887
234.167207, C284, 125.5635
235.865881, C284, 95.79189
252.952543, C284, 114.0141
255.500554, C284, 70.34854
275.984564, C284, 91.322
282.929143, C284, 138.4856
286.876062, C284, 120.9476
289.27419, C284, 74.57039
307.75976, C284, 80.60537
321.349152, C284, 94.90666
331.091547, C284, 147.2357
337.436594, C284, 111.7065
343.781641, C284, 86.81189
361.967445, C284, 78.2192
373.308592, C284, 107.3922
375.756681, C284, 115.8216
415.225871, C284, 102.4098
424.6685, C284, 76.54745
434.960466, C284, 72.26514
452.746582, C284, 85.73304
482.323494, C284, 80.94711
504.456217, C284, 139.7984
511.400796, C284, 158.9271
530.885586, C284, 112.1366
543.625641, C284, 98.75719
589.989449, C284, 129.2358
602.9793089999999, C284, 101.8269
635.4539590000001, C284, 95.34258
637.102672, C284, 82.74929
662.732665, C284, 107.1256
663.781846, C284, 79.32297
2.99766, C285, 88.93723
128.89938, C285, 125.2918
658.885668, C285, 63.48235
21.98284, C286, 49.70483
44.015641, C286, 50.51388
91.12886399999999, C286, 95.27442
100.721376, C286, 45.35059
103.519192, C286, 64.5856
131.147625, C286, 120.6073
174.214007, C286, 66.43729
179.010263, C286, 112.5227
193.84868, C286, 58.19405
214.782339, C286, 113.6809
230.370171, C286, 55.29237
239.662917, C286, 71.15289
272.78706, C286, 71.9622
291.27263, C286, 88.56337
330.192249, C286, 40.26455
351.275791, C286, 97.43625
372.459255, C286, 73.47493
404.484256, C286, 86.80561
420.17201, C286, 21.50179
427.66616, C286, 97.13231
463.738002, C286, 111.8152
506.654501, C286, 78.24591
523.741163, C286, 82.65727
553.118231, C286, 85.27039
585.642842, C286, 46.56444
602.2298939999999, C286, 71.35184
627.260355, C286, 109.3123
649.842727, C286, 58.30093
672.724865, C286, 37.27948
16.736934, C287, 117.1099
113.061743, C287, 104.0312
197.895521, C287, 160.4482
202.791699, C287, 130.7924
259.597356, C287, 94.43584
283.27887, C287, 158.9251
288.27497, C287, 116.8588
308.059526, C287, 113.3579
332.340572, C287, 176.9301
392.943265, C287, 124.0937
393.642719, C287, 82.6851
409.630239, C287, 173.4131
434.16109, C287, 147.8605
463.887885, C287, 141.4297
484.321934, C287, 152.5256
544.0253290000001, C287, 128.2827
557.764604, C287, 171.8821
570.005049, C287, 127.4779
617.917648, C287, 151.2603
16.537091, C288, 232.2308
113.111704, C288, 194.1966
197.895521, C288, 275.1921
202.741738, C288, 187.7899
259.597356, C288, 176.4009
283.228909, C288, 252.844
288.175048, C288, 180.5083
307.909643, C288, 198.3314
332.340572, C288, 300.3112
384.000246, C288, 100.6476
392.893304, C288, 269.5912
409.380434, C288, 267.6164
434.111129, C288, 242.6425
463.837924, C288, 256.623
484.371895, C288, 255.6883
543.875446, C288, 217.4277
557.764604, C288, 249.8026
569.955088, C288, 175.6448
598.732624, C288, 229.1951
617.867687, C288, 239.2549
0.349727, C289, 45.7521
4.846217, C289, 104.9771
5.695554, C289, 27.79224
112.811938, C289, 110.4383
141.189786, C289, 123.1949
158.87598, C289, 98.48728
202.741738, C289, 85.25603
221.527074, C289, 104.4726
276.034525, C289, 81.02999
332.640338, C289, 103.3962
339.285151, C289, 29.21674
382.551377, C289, 119.7451
421.920645, C289, 96.72374
438.607619, C289, 111.8972
490.017488, C289, 29.13786
504.10649, C289, 86.12993
530.58582, C289, 96.77044
595.385237, C289, 64.62782
603.02927, C289, 42.84771
616.718584, C289, 61.03145
106.366969, C291, 38.0323
129.149184, C291, 39.4192
142.189006, C291, 38.13757
234.117246, C291, 34.89764
244.509134, C291, 38.06606
271.28823, C291, 37.75921
319.100907, C291, 32.44073
495.11351, C291, 33.63129
505.005788, C291, 38.16423
531.535079, C291, 71.88762
571.453918, C291, 32.95658
346.479535, C292, 46.3588
516.197052, C292, 43.59741
540.428137, C292, 30.36907
549.970688, C292, 25.76455
671.825567, C292, 35.43023
672.375138, C292, 35.88189
674.773266, C292, 42.36478
22.432489, C293, 40.63817
29.676834, C293, 23.31658
40.368488, C293, 77.70666
49.211585, C293, 68.53248
66.498091, C293, 54.55478
67.097623, C293, 30.1208
79.9376, C293, 120.9263
113.361509, C293, 117.2444
128.599614, C293, 88.96759
130.498132, C293, 34.11689
145.486432, C293, 62.59393
159.275668, C293, 72.68046
176.162486, C293, 47.49422
185.804959, C293, 88.50262
188.003243, C293, 35.53624
217.979843, C293, 92.73902
222.226528, C293, 35.806
222.975943, C293, 66.15001
257.648877, C293, 47.28631
261.545835, C293, 83.77461
272.037645, C293, 75.74788
278.132887, C293, 43.57902
279.581756, C293, 62.01103
315.104027, C293, 86.57085
322.847982, C293, 105.4978
334.488895, C293, 109.2059
370.011166, C293, 78.98321
377.905004, C293, 60.50174
420.271932, C293, 80.97393
485.371115, C293, 101.3771
492.015928, C293, 90.92458
532.734143, C293, 38.2687
561.7115230000001, C293, 86.16956
580.846586, C293, 86.16812
604.178373, C293, 72.50219
609.674083, C293, 72.21371
623.613202, C293, 37.62722
635.553881, C293, 38.43344
654.6389830000001, C293, 96.84852
60.852498, C294, 104.0586
100.071883, C294, 226.8689
193.798719, C294, 73.49773
197.945482, C294, 71.86807
221.427152, C294, 564.2065
302.064206, C294, 62.02503
323.897163, C294, 60.29603
339.484995, C294, 56.31559
339.784761, C294, 347.9617
362.517016, C294, 272.9115
382.801182, C294, 257.5503
396.640379, C294, 241.1971
402.036167, C294, 58.96391
417.524077, C294, 43.39314
438.607619, C294, 457.2254
480.874625, C294, 105.8185
481.973767, C294, 151.1925
484.222012, C294, 84.56377
486.220452, C294, 41.8909
502.307894, C294, 103.8055
517.795804, C294, 337.4149
534.532739, C294, 41.83406
595.934808, C294, 503.8973
610.773225, C294, 55.56475
639.750605, C294, 107.001
663.032431, C294, 48.95923
667.129233, C294, 220.8258
7.943799, C299, 49.7687
64.199884, C299, 62.84634
117.90796, C299, 59.92202
256.349891, C299, 44.13241
347.72856, C299, 53.22455
373.308592, C299, 34.29108
425.317993, C299, 45.0613
490.816864, C299, 26.75131
493.714602, C299, 45.20159
508.852785, C299, 41.3551
540.07841, C299, 38.60048
439.456956, C300, 97.19338
451.597479, C300, 89.15366
614.420378, C300, 97.53235
280.181288, C301, 58.22304
61.302147, C302, 40.26241
63.650314, C302, 53.82542
82.93526, C302, 46.94822
84.833778, C302, 57.74715
136.093764, C302, 61.1751
187.35375, C303, 32.06976
260.846381, C303, 726.2238
431.063508, C303, 48.68146
520.993307, C303, 317.3863
584.293895, C303, 386.9965
588.340736, C303, 48.23027
617.467999, C303, 924.8716
621.764645, C303, 29.88379
54.257646, C304, 297.0827
74.9415, C304, 300.5912
153.430231, C304, 201.619
169.018063, C304, 396.4432
229.32099, C304, 286.3289
319.850322, C304, 371.6524
346.879223, C304, 375.3513
380.403054, C304, 427.117
431.16343, C304, 374.0495
488.868385, C304, 357.1131
539.978488, C304, 373.2211
576.949628, C304, 386.4789
144.936861, C305, 186.1357
157.676916, C305, 23.84499
215.082105, C305, 108.7931
219.8284, C305, 90.19958
247.556755, C305, 129.6338
251.203908, C305, 202.1816
274.185968, C305, 24.41402
380.453015, C305, 26.93351
399.837883, C305, 81.08342
425.817603, C305, 50.81362
430.713781, C305, 81.71399
431.613079, C305, 27.48053
433.16187, C305, 150.6761
448.549858, C305, 48.84522
481.474157, C305, 51.7705
565.908247, C305, 95.89433
567.307155, C305, 177.325
605.577281, C305, 141.3239
606.876267, C305, 168.7157
640.99963, C305, 200.9002
666.030091, C305, 72.87157
153.87988, C306, 158.5453
179.160146, C306, 541.4142
392.843343, C306, 412.8631
434.111129, C306, 333.8159
463.538158, C306, 469.8337
513.599079, C306, 312.8187
532.08465, C306, 280.4379
600.581181, C306, 401.2506
658.835707, C306, 376.0647
29.926639, C309, 142.1217
42.866538, C309, 118.4412
74.641734, C309, 124.3101
91.578513, C309, 86.4215
103.968841, C309, 156.7747
123.203826, C309, 50.16448
164.671456, C309, 115.196
181.708157, C309, 139.4796
185.405271, C309, 139.6176
216.33113, C309, 122.1849
217.380311, C309, 101.3923
232.168767, C309, 185.2959
285.227349, C309, 93.7498
288.175048, C309, 53.02764
299.716039, C309, 114.3117
344.481095, C309, 130.6197
379.903444, C309, 132.3439
410.279732, C309, 112.2881
418.123609, C309, 97.90372
449.848844, C309, 42.27882
554.267334, C309, 129.9676
630.607742, C309, 113.3533
667.678804, C309, 72.37079
669.027751, C309, 87.21323
34.023441, C310, 62.09704
49.261546, C310, 254.6013
76.090603, C310, 143.3185
86.93214, C310, 81.5567
89.48015100000001, C310, 74.33309
185.455232, C310, 475.3944
220.977503, C310, 332.1823
260.246849, C310, 125.7443
284.527895, C310, 226.1972
339.23519, C310, 164.9593
356.621618, C310, 256.834
378.654419, C310, 225.448
403.68488, C310, 212.975
413.127509, C310, 180.7959
460.690381, C310, 242.4798
463.887885, C310, 509.9178
536.7310230000001, C310, 260.2643
634.354817, C310, 445.8802
31.025781, C311, 61.82713
45.314627, C311, 63.67804
47.013301, C311, 90.54781
78.888419, C311, 87.98466
109.564473, C311, 126.2175
125.601954, C311, 83.08894
135.943881, C311, 80.08479
136.943101, C311, 61.85197
183.556714, C311, 69.92615
217.82996, C311, 65.83241
220.527854, C311, 69.01077
254.101646, C311, 87.04461
305.76132, C311, 74.26852
319.850322, C311, 60.86703
346.779301, C311, 82.7531
348.927624, C311, 64.11996
360.268771, C311, 99.33262
419.222751, C311, 79.84574
459.14159, C311, 75.14791
461.539718, C311, 84.60452
556.665462, C311, 87.35685
634.304856, C311, 85.35186
676.222135, C311, 86.73743
6.345047, C312, 218.4007
41.917279, C312, 64.28101
100.221766, C312, 83.81655
136.743257, C312, 128.9253
144.037563, C312, 180.8547
188.303009, C312, 248.7616
213.33347, C312, 97.48402
217.480233, C312, 120.5151
221.876801, C312, 89.18296
222.376411, C312, 70.45734
271.338191, C312, 150.5451
313.75508, C312, 113.1809
315.553676, C312, 242.0361
351.075947, C312, 158.5389
442.804343, C312, 72.91049
463.038548, C312, 115.8438
473.930046, C312, 150.9036
496.462457, C312, 134.3224
499.310234, C312, 81.21722
536.231413, C312, 214.1369
573.302475, C312, 96.88567
603.7287240000001, C312, 87.18172
635.953569, C312, 191.442
641.848967, C312, 326.7215
113.111704, C313, 85.53117
115.40991, C313, 68.36944
184.755778, C313, 82.77699
222.32645, C313, 115.7959
237.464633, C313, 108.933
277.333511, C313, 80.18397
302.913543, C313, 70.54464
322.398333, C313, 87.7226
332.390533, C313, 111.51
368.812102, C313, 77.87426
382.451455, C313, 72.34396
422.020567, C313, 77.6777
480.774703, C313, 77.68555
503.407036, C313, 88.34731
574.701383, C313, 65.01517
605.627242, C313, 87.28357
611.7724449999999, C313, 100.0484
641.199474, C313, 63.41915
667.1791940000001, C313, 115.6544
28.577692, C315, 78.39254
39.269346, C315, 122.2058
41.767396, C315, 96.95403
44.914939, C315, 105.2487
46.813457, C315, 48.51693
54.807217, C315, 108.7873
77.539472, C315, 156.4729
103.619114, C315, 135.8667
138.691736, C315, 94.51641
155.678476, C315, 109.6451
162.972782, C315, 121.1715
203.541114, C315, 112.7979
207.038384, C315, 105.0641
233.967363, C315, 90.55955
271.887762, C315, 141.3468
282.529455, C315, 71.43224
292.521655, C315, 95.02905
296.818301, C315, 69.18719
300.115727, C315, 55.08466
370.21101, C315, 79.61413
378.404614, C315, 133.8615
387.597438, C315, 127.0758
431.16343, C315, 97.60224
503.60688, C315, 98.36776
511.300874, C315, 138.8741
514.648261, C315, 111.629
519.994088, C315, 55.42527
538.0300089999999, C315, 101.27
548.07217, C315, 104.3231
555.716203, C315, 129.5209
573.352436, C315, 53.45844
620.7654250000001, C315, 68.00592
629.708444, C315, 124.7938
641.948889, C315, 141.3296
666.729545, C315, 64.41979
667.578882, C315, 94.2886
668.877868, C315, 68.34904
31.025781, C316, 75.38142
31.575352, C316, 68.39449
32.124923, C316, 32.71997
109.514512, C316, 28.29479
109.814278, C316, 95.9018
110.513732, C316, 54.98878
154.929061, C316, 79.09645
156.977462, C316, 82.56236
176.312369, C316, 30.34331
229.271029, C316, 36.29774
234.566895, C316, 81.7269
330.591937, C316, 76.7399
344.331212, C316, 52.66659
375.856603, C316, 57.74549
381.002586, C316, 100.9802
384.499856, C316, 139.8666
385.299232, C316, 34.12184
407.781682, C316, 43.65057
408.131409, C316, 32.58418
408.281292, C316, 29.71165
520.14397, C316, 26.55549
538.379736, C316, 37.68609
544.724783, C316, 115.5851
588.2907750000001, C316, 25.37723
588.440658, C316, 66.83861
625.211954, C316, 70.42085
664.131573, C316, 53.6734
102.42005, C318, 42.36776
112.112484, C318, 43.5617
140.440371, C318, 40.51339
152.431011, C318, 40.76448
254.601256, C318, 38.12374
331.641118, C318, 37.07428
17.98596, C319, 110.2269
26.779096, C319, 233.9462
52.409089, C319, 152.564
84.43409, C319, 121.2241
86.582413, C319, 28.62003
139.341229, C319, 159.4901
153.080504, C319, 63.11255
202.192167, C319, 106.9726
555.716203, C319, 54.06886
45.514471, C320, 102.7778
246.607496, C321, 95.59389
405.633359, C321, 76.71964
624.962149, C321, 60.76013
20.084322, C323, 291.2928
40.768176, C323, 83.28033
100.221766, C323, 154.6931
142.588694, C323, 372.5468
185.405271, C323, 148.3703
222.876021, C323, 386.8242
257.698838, C323, 149.7632
488.218892, C323, 350.1743
12.640133, C324, 107.9799
100.121844, C324, 83.23191
171.965762, C324, 130.5599
222.82606, C324, 110.9426
339.7348, C324, 84.33585
515.997208, C324, 82.79991
57.854838, C325, 110.3433
60.352888, C325, 55.09789
60.902459, C325, 40.75647
135.294388, C325, 52.52731
248.256209, C325, 44.56615
249.954883, C325, 32.12239
250.404532, C325, 33.13503
250.754259, C325, 25.24402
554.167412, C325, 33.20601
630.807586, C325, 49.50218
25.180344, C327, 35.76078
26.928979, C327, 56.47585
39.619073, C327, 55.13224
51.110103, C327, 57.01781
64.749455, C327, 73.93082
88.830658, C327, 48.39617
105.41771, C327, 70.66244
129.199146, C327, 64.76102
145.636315, C327, 38.78389
162.223367, C327, 68.51338
191.600435, C327, 89.71772
214.8323, C327, 81.98953
239.662917, C327, 63.36699
259.647317, C327, 84.31696
276.634057, C327, 52.74051
298.167248, C327, 50.14748
327.394433, C327, 54.92102
346.929184, C327, 60.82138
368.162609, C327, 65.84612
379.303912, C327, 37.22534
409.280512, C327, 50.93327
427.516277, C327, 116.2878
509.852005, C327, 63.25269
547.57256, C327, 45.58056
561.461718, C327, 71.02457
589.439878, C327, 69.07088
605.327476, C327, 42.29105
611.972289, C327, 36.07774
630.907508, C327, 38.3008
642.0987720000001, C327, 66.80038
658.9356289999999, C327, 50.41308
667.578882, C327, 58.29606
90.77913700000001, C328, 36.57821
91.528552, C328, 35.97799
121.455191, C328, 44.10306
127.250667, C328, 43.44537
185.405271, C328, 36.91919
276.234369, C328, 34.59779
277.733199, C328, 39.38393
341.183669, C328, 45.76563
424.868344, C328, 34.44062
491.016708, C328, 34.30576
493.364875, C328, 40.42638
577.449238, C328, 31.15098
43.715875, C330, 33.51456
66.697935, C330, 62.11849
175.962642, C330, 40.05256
219.278829, C330, 133.1285
424.718461, C330, 39.51726
39.319307, C331, 26.51424
237.264789, C331, 34.10867
238.763619, C331, 31.04279
245.558315, C331, 28.61761
503.456997, C331, 30.14205
509.901966, C331, 29.62496
611.7724449999999, C331, 42.63063
129.249107, C332, 76.8723
314.454534, C332, 42.02751
523.941007, C332, 40.63641
560.462498, C332, 45.74004
562.011289, C332, 47.87963
582.54526, C332, 40.46305
110.213966, C333, 19.97988
110.613654, C333, 35.30781
298.417053, C333, 21.64951
302.963504, C333, 37.54654
303.513075, C333, 39.45391
374.557617, C333, 36.20067
456.14393, C333, 46.32342
556.315735, C333, 33.65578
606.926228, C333, 21.31757
382.801182, C334, 47.01918
385.19931, C334, 49.22475
545.024549, C334, 67.77155
637.552321, C334, 61.85163
45.96412, C335, 60.07808
184.755778, C335, 47.20408
39.419229, C336, 50.08014
223.775319, C336, 58.04264
363.366353, C336, 56.01589
506.654501, C336, 50.43928
652.790426, C336, 61.40652
3.547231, C338, 28.735
46.563652, C338, 32.70675
77.739316, C338, 32.1977
313.954924, C338, 28.47014
342.982265, C338, 28.58755
532.13461, C338, 28.39474
34.722895, C339, 35.53988
81.086703, C339, 72.12804
123.803358, C339, 39.47498
151.082064, C339, 56.01702
271.238269, C339, 37.92867
302.76366, C339, 63.71386
416.275052, C339, 53.45082
477.727082, C339, 51.99128
659.884888, C339, 47.52877
3.49727, C340, 41.0048
112.861899, C340, 31.13985
115.359949, C340, 23.11208
184.905661, C340, 25.4058
230.32021, C340, 22.60575
236.965023, C340, 36.71146
307.909643, C340, 25.1248
313.855002, C340, 38.00614
363.266431, C340, 22.45798
476.078369, C340, 23.84114
534.083089, C340, 30.52773
612.571821, C340, 24.92154
650.791986, C340, 24.01316
672.075372, C340, 24.90618
1.598752, C341, 83.50925
19.884478, C341, 147.0992
32.324767, C341, 124.2702
35.572232, C341, 115.4316
37.620633, C341, 118.9937
60.902459, C341, 99.54707
63.400509, C341, 156.8574
68.94618, C341, 145.4631
72.793177, C341, 130.0344
84.28420699999999, C341, 155.6261
86.68233499999999, C341, 80.61806
107.166345, C341, 155.7467
125.651915, C341, 70.72702
161.224147, C341, 71.48872
186.604335, C341, 112.0332
200.143766, C341, 153.4154
209.036824, C341, 137.3429
240.462293, C341, 158.747
277.133667, C341, 140.9039
302.813621, C341, 143.5456
322.198489, C341, 128.1255
400.587298, C341, 93.2573
427.716121, C341, 100.7296
513.699001, C341, 72.92287
531.285273, C341, 71.62175
556.665462, C341, 107.404
586.991789, C341, 79.28156
652.840387, C341, 81.28584
4.796256, C342, 42.67582
81.43643, C342, 260.4111
171.166386, C342, 32.7048
174.263968, C342, 58.64943
174.913461, C342, 109.5127
178.210887, C342, 74.79798
250.854181, C342, 61.23949
283.828441, C342, 36.51868
415.975286, C342, 30.39832
436.958906, C342, 30.49842
515.397676, C342, 21.86035
630.557781, C342, 215.2386
673.0745920000001, C342, 164.5025
223.625436, C344, 54.56852
16.537091, C345, 49.67997
20.883698, C345, 81.9411
23.081982, C345, 66.79115
49.411429, C345, 83.80214
56.755696, C345, 31.0769
57.105423, C345, 44.29403
70.345088, C345, 58.1627
100.071883, C345, 79.34075
113.211626, C345, 61.29411
126.501252, C345, 79.58263
127.300628, C345, 43.85482
143.088304, C345, 47.87075
184.456012, C345, 56.73581
199.993883, C345, 38.9696
222.776099, C345, 42.86213
255.750359, C345, 32.5071
266.192208, C345, 59.12722
278.332731, C345, 64.14944
308.209409, C345, 39.75536
309.458434, C345, 74.28313
321.499035, C345, 65.54092
343.431914, C345, 31.83874
476.378135, C345, 29.32955
477.577199, C345, 86.15513
502.957387, C345, 30.07424
522.142411, C345, 56.23899
545.873886, C345, 90.00279
645.196354, C345, 100.9004
677.720965, C345, 59.25575
49.46139, C346, 100.6926
56.805657, C346, 86.33738
70.44501, C346, 114.3277
113.161665, C346, 88.97182
158.626175, C346, 110.3435
222.576255, C346, 97.70748
477.62716, C346, 103.8144
545.823925, C346, 100.9859
0.049961, C349, 53.59274
2.847777, C349, 12.07451
3.946919, C349, 21.64732
55.606593, C349, 8.607224
82.93526, C349, 6.396154
96.174925, C349, 16.55694
111.013342, C349, 9.953547
112.91186, C349, 7.878466
332.590377, C349, 7.214891
343.681719, C349, 12.8573
344.381173, C349, 10.51032
344.780861, C349, 9.208485
345.380393, C349, 20.79478
355.072827, C349, 9.527798
421.920645, C349, 18.60057
431.713001, C349, 6.768401
432.062728, C349, 20.79524
432.812143, C349, 9.835455
436.759062, C349, 7.536616
453.296153, C349, 6.486064
454.095529, C349, 6.558191
502.307894, C349, 10.05882
502.757543, C349, 20.11855
523.941007, C349, 6.69062
525.09011, C349, 15.36305
527.438277, C349, 15.80129
528.787224, C349, 9.383505
550.370376, C349, 103.9982
557.614721, C349, 19.72497
558.663902, C349, 8.363474
559.912927, C349, 24.63869
560.812225, C349, 21.45809
569.5554, C349, 8.65589
577.8988869999999, C349, 9.34146
578.198653, C349, 11.27287
579.847366, C349, 11.07334
582.3953770000001, C349, 7.357533
582.845026, C349, 29.70134
583.744324, C349, 14.6925
585.093271, C349, 8.879589
674.223695, C349, 8.024675
674.923149, C349, 8.853724
675.622603, C349, 9.482481
219.478673, C350, 48.11288
7.644033, C352, 192.1215
21.98284, C352, 161.3079
334.089207, C352, 212.299
347.278911, C352, 130.8254
431.113469, C352, 163.7734
576.949628, C352, 166.5245
604.3782169999999, C352, 110.7034
622.9137480000001, C352, 127.4809
3.247465, C353, 93.29235
14.48869, C353, 83.01187
39.519151, C353, 95.42052
51.060142, C353, 119.5097
66.44813000000001, C353, 86.12995
70.29512699999999, C353, 109.8176
108.715136, C353, 90.41309
113.061743, C353, 88.89237
115.559793, C353, 92.26589
127.150745, C353, 139.1372
158.226487, C353, 107.2012
161.923601, C353, 88.61064
172.565294, C353, 120.9517
184.955622, C353, 73.11065
201.592635, C353, 85.96877
206.039164, C353, 136.4725
222.676177, C353, 93.24084
225.124266, C353, 76.53042
237.414672, C353, 106.4608
245.508354, C353, 93.56013
259.247629, C353, 76.70284
276.034525, C353, 95.61414
276.78394, C353, 64.18783
282.079806, C353, 59.55694
290.822981, C353, 61.38548
295.369432, C353, 118.2246
307.75976, C353, 89.54061
314.004885, C353, 37.276
322.997865, C353, 35.37577
323.797241, C353, 109.8352
348.178209, C353, 69.36145
355.772281, C353, 38.03462
366.264091, C353, 95.82307
367.762921, C353, 36.51811
368.762141, C353, 90.66441
373.20867, C353, 64.38673
381.801962, C353, 102.6816
387.247711, C353, 96.37323
399.588078, C353, 103.9986
405.133749, C353, 135.1925
408.18137, C353, 102.038
422.720021, C353, 84.40373
425.567798, C353, 105.218
442.304733, C353, 99.68491
459.741122, C353, 62.20683
469.883205, C353, 85.77251
475.179071, C353, 118.7476
485.570959, C353, 81.22666
490.966747, C353, 74.8931
491.566279, C353, 50.63113
502.307894, C353, 39.4745
514.198612, C353, 84.34103
533.58348, C353, 80.10537
547.372716, C353, 96.50815
549.620961, C353, 99.71336
558.613941, C353, 91.15801
562.56086, C353, 111.0089
565.608481, C353, 53.43773
567.357116, C353, 110.7567
577.299355, C353, 94.48711
585.343076, C353, 81.42915
602.629582, C353, 86.96716
606.876267, C353, 63.47012
616.1690129999999, C353, 79.95564
624.662383, C353, 123.7829
641.299396, C353, 86.97179
651.541401, C353, 101.0903
662.183094, C353, 100.8459
673.674124, C353, 119.2297
